episode_reward_max,episode_reward_min,episode_reward_mean,episode_len_mean,episodes_this_iter,num_healthy_workers,timesteps_total,done,episodes_total,training_iteration,experiment_id,date,timestamp,time_this_iter_s,time_total_s,pid,hostname,node_ip,time_since_restore,timesteps_since_restore,iterations_since_restore,trial_id,experiment_tag,hist_stats/episode_reward,hist_stats/episode_lengths,sampler_perf/mean_env_wait_ms,sampler_perf/mean_processing_ms,sampler_perf/mean_inference_ms,timers/learn_time_ms,timers/learn_throughput,timers/update_time_ms,info/num_steps_sampled,info/num_steps_trained,info/last_target_update_ts,info/num_target_updates,perf/cpu_util_percent,perf/ram_util_percent,info/learner/default_policy/cur_lr,info/learner/default_policy/mean_q,info/learner/default_policy/min_q,info/learner/default_policy/max_q,info/learner/default_policy/mean_td_error
79.0,9.0,22.177777777777777,22.177777777777777,45,1,1004,False,45,1,e21f312a28f04f38af03f9b8316a21fc,2020-05-10_08-48-50,1589080730,12.090728998184204,12.090728998184204,27622,skbly7.local,192.168.1.5,12.090728998184204,0,1,00000,0,"[29.0, 18.0, 14.0, 30.0, 27.0, 42.0, 16.0, 59.0, 16.0, 19.0, 17.0, 21.0, 40.0, 14.0, 12.0, 20.0, 14.0, 19.0, 13.0, 14.0, 35.0, 21.0, 12.0, 23.0, 26.0, 19.0, 18.0, 13.0, 18.0, 13.0, 14.0, 23.0, 25.0, 11.0, 12.0, 16.0, 16.0, 16.0, 18.0, 79.0, 24.0, 9.0, 12.0, 38.0, 33.0]","[29, 18, 14, 30, 27, 42, 16, 59, 16, 19, 17, 21, 40, 14, 12, 20, 14, 19, 13, 14, 35, 21, 12, 23, 26, 19, 18, 13, 18, 13, 14, 23, 25, 11, 12, 16, 16, 16, 18, 79, 24, 9, 12, 38, 33]",2.514858625421477,0.5287096868106974,1.2880197211877626,155.576,205.688,16.877,1004,64,1000,1,70.2611111111111,70.55,0.0005000000237487257,0.22595167,-0.15313083,0.7721304,-1.1336408
79.0,9.0,20.88421052631579,20.88421052631579,50,1,2008,False,95,2,e21f312a28f04f38af03f9b8316a21fc,2020-05-10_08-48-57,1589080737,7.0023298263549805,19.093058824539185,27622,skbly7.local,192.168.1.5,19.093058824539185,0,2,00000,0,"[23.0, 11.0, 12.0, 15.0, 15.0, 10.0, 31.0, 21.0, 15.0, 36.0, 16.0, 30.0, 13.0, 15.0, 25.0, 11.0, 11.0, 17.0, 11.0, 34.0, 35.0, 15.0, 19.0, 17.0, 16.0, 17.0, 14.0, 13.0, 23.0, 10.0, 23.0, 11.0, 16.0, 18.0, 33.0, 16.0, 22.0, 11.0, 20.0, 42.0, 28.0, 32.0, 20.0, 16.0, 16.0, 13.0, 10.0, 51.0, 26.0, 11.0, 29.0, 18.0, 14.0, 30.0, 27.0, 42.0, 16.0, 59.0, 16.0, 19.0, 17.0, 21.0, 40.0, 14.0, 12.0, 20.0, 14.0, 19.0, 13.0, 14.0, 35.0, 21.0, 12.0, 23.0, 26.0, 19.0, 18.0, 13.0, 18.0, 13.0, 14.0, 23.0, 25.0, 11.0, 12.0, 16.0, 16.0, 16.0, 18.0, 79.0, 24.0, 9.0, 12.0, 38.0, 33.0]","[23, 11, 12, 15, 15, 10, 31, 21, 15, 36, 16, 30, 13, 15, 25, 11, 11, 17, 11, 34, 35, 15, 19, 17, 16, 17, 14, 13, 23, 10, 23, 11, 16, 18, 33, 16, 22, 11, 20, 42, 28, 32, 20, 16, 16, 13, 10, 51, 26, 11, 29, 18, 14, 30, 27, 42, 16, 59, 16, 19, 17, 21, 40, 14, 12, 20, 14, 19, 13, 14, 35, 21, 12, 23, 26, 19, 18, 13, 18, 13, 14, 23, 25, 11, 12, 16, 16, 16, 18, 79, 24, 9, 12, 38, 33]",1.9726988665678742,0.48470956140742366,1.2408981729210367,4.15,7711.314,6.432,2008,8096,2008,3,70.07000000000001,70.57,0.0005000000237487257,1.7837887,1.1167489,2.2326334,0.0075841174
51.0,9.0,19.63,19.63,52,1,3012,False,147,3,e21f312a28f04f38af03f9b8316a21fc,2020-05-10_08-49-05,1589080745,7.314793109893799,26.407851934432983,27622,skbly7.local,192.168.1.5,26.407851934432983,0,3,00000,0,"[25.0, 20.0, 13.0, 24.0, 17.0, 9.0, 12.0, 10.0, 20.0, 34.0, 10.0, 13.0, 12.0, 19.0, 12.0, 31.0, 18.0, 11.0, 20.0, 10.0, 22.0, 13.0, 11.0, 19.0, 12.0, 31.0, 10.0, 11.0, 18.0, 17.0, 39.0, 34.0, 18.0, 12.0, 25.0, 34.0, 19.0, 13.0, 29.0, 15.0, 25.0, 31.0, 26.0, 29.0, 16.0, 22.0, 18.0, 13.0, 25.0, 11.0, 34.0, 19.0, 12.0, 15.0, 15.0, 10.0, 31.0, 21.0, 15.0, 36.0, 16.0, 30.0, 13.0, 15.0, 25.0, 11.0, 11.0, 17.0, 11.0, 34.0, 35.0, 15.0, 19.0, 17.0, 16.0, 17.0, 14.0, 13.0, 23.0, 10.0, 23.0, 11.0, 16.0, 18.0, 33.0, 16.0, 22.0, 11.0, 20.0, 42.0, 28.0, 32.0, 20.0, 16.0, 16.0, 13.0, 10.0, 51.0, 26.0, 11.0]","[25, 20, 13, 24, 17, 9, 12, 10, 20, 34, 10, 13, 12, 19, 12, 31, 18, 11, 20, 10, 22, 13, 11, 19, 12, 31, 10, 11, 18, 17, 39, 34, 18, 12, 25, 34, 19, 13, 29, 15, 25, 31, 26, 29, 16, 22, 18, 13, 25, 11, 34, 19, 12, 15, 15, 10, 31, 21, 15, 36, 16, 30, 13, 15, 25, 11, 11, 17, 11, 34, 35, 15, 19, 17, 16, 17, 14, 13, 23, 10, 23, 11, 16, 18, 33, 16, 22, 11, 20, 42, 28, 32, 20, 16, 16, 13, 10, 51, 26, 11]",1.3188930018807756,0.42445159204990474,1.1932104259555205,3.556,8998.058,6.364,3012,16128,2512,4,79.08,70.41999999999999,0.0005000000237487257,3.4022665,1.319465,5.0707774,0.005861204
121.0,9.0,24.88,24.88,26,1,4016,False,173,4,e21f312a28f04f38af03f9b8316a21fc,2020-05-10_08-49-12,1589080752,6.782654047012329,33.19050598144531,27622,skbly7.local,192.168.1.5,33.19050598144531,0,4,00000,0,"[20.0, 13.0, 18.0, 9.0, 22.0, 90.0, 15.0, 46.0, 29.0, 26.0, 37.0, 41.0, 74.0, 121.0, 21.0, 48.0, 26.0, 22.0, 83.0, 11.0, 29.0, 41.0, 54.0, 24.0, 55.0, 34.0, 23.0, 10.0, 23.0, 11.0, 16.0, 18.0, 33.0, 16.0, 22.0, 11.0, 20.0, 42.0, 28.0, 32.0, 20.0, 16.0, 16.0, 13.0, 10.0, 51.0, 26.0, 11.0, 25.0, 20.0, 13.0, 24.0, 17.0, 9.0, 12.0, 10.0, 20.0, 34.0, 10.0, 13.0, 12.0, 19.0, 12.0, 31.0, 18.0, 11.0, 20.0, 10.0, 22.0, 13.0, 11.0, 19.0, 12.0, 31.0, 10.0, 11.0, 18.0, 17.0, 39.0, 34.0, 18.0, 12.0, 25.0, 34.0, 19.0, 13.0, 29.0, 15.0, 25.0, 31.0, 26.0, 29.0, 16.0, 22.0, 18.0, 13.0, 25.0, 11.0, 34.0, 19.0]","[20, 13, 18, 9, 22, 90, 15, 46, 29, 26, 37, 41, 74, 121, 21, 48, 26, 22, 83, 11, 29, 41, 54, 24, 55, 34, 23, 10, 23, 11, 16, 18, 33, 16, 22, 11, 20, 42, 28, 32, 20, 16, 16, 13, 10, 51, 26, 11, 25, 20, 13, 24, 17, 9, 12, 10, 20, 34, 10, 13, 12, 19, 12, 31, 18, 11, 20, 10, 22, 13, 11, 19, 12, 31, 10, 11, 18, 17, 39, 34, 18, 12, 25, 34, 19, 13, 29, 15, 25, 31, 26, 29, 16, 22, 18, 13, 25, 11, 34, 19]",1.1662377755866709,0.40008007336763574,1.1913912509371631,3.145,10174.099,7.281,4016,24160,3520,6,80.6,70.61999999999998,0.0005000000237487257,4.9726124,1.9555058,6.5423584,0.20827296
200.0,9.0,32.18,32.18,11,1,5020,False,184,5,e21f312a28f04f38af03f9b8316a21fc,2020-05-10_08-49-18,1589080758,6.710715055465698,39.90122103691101,27622,skbly7.local,192.168.1.5,39.90122103691101,0,5,00000,0,"[16.0, 83.0, 70.0, 135.0, 101.0, 64.0, 74.0, 94.0, 200.0, 52.0, 44.0, 42.0, 28.0, 32.0, 20.0, 16.0, 16.0, 13.0, 10.0, 51.0, 26.0, 11.0, 25.0, 20.0, 13.0, 24.0, 17.0, 9.0, 12.0, 10.0, 20.0, 34.0, 10.0, 13.0, 12.0, 19.0, 12.0, 31.0, 18.0, 11.0, 20.0, 10.0, 22.0, 13.0, 11.0, 19.0, 12.0, 31.0, 10.0, 11.0, 18.0, 17.0, 39.0, 34.0, 18.0, 12.0, 25.0, 34.0, 19.0, 13.0, 29.0, 15.0, 25.0, 31.0, 26.0, 29.0, 16.0, 22.0, 18.0, 13.0, 25.0, 11.0, 34.0, 19.0, 20.0, 13.0, 18.0, 9.0, 22.0, 90.0, 15.0, 46.0, 29.0, 26.0, 37.0, 41.0, 74.0, 121.0, 21.0, 48.0, 26.0, 22.0, 83.0, 11.0, 29.0, 41.0, 54.0, 24.0, 55.0, 34.0]","[16, 83, 70, 135, 101, 64, 74, 94, 200, 52, 44, 42, 28, 32, 20, 16, 16, 13, 10, 51, 26, 11, 25, 20, 13, 24, 17, 9, 12, 10, 20, 34, 10, 13, 12, 19, 12, 31, 18, 11, 20, 10, 22, 13, 11, 19, 12, 31, 10, 11, 18, 17, 39, 34, 18, 12, 25, 34, 19, 13, 29, 15, 25, 31, 26, 29, 16, 22, 18, 13, 25, 11, 34, 19, 20, 13, 18, 9, 22, 90, 15, 46, 29, 26, 37, 41, 74, 121, 21, 48, 26, 22, 83, 11, 29, 41, 54, 24, 55, 34]",1.0839062760071925,0.38636905952032663,1.1903895123818793,3.308,9673.28,6.331,5020,32192,4528,8,80.43333333333334,70.7,0.0005000000237487257,6.639641,0.6892704,8.234304,-0.1220305
200.0,9.0,40.43,40.43,10,1,6024,False,194,6,e21f312a28f04f38af03f9b8316a21fc,2020-05-10_08-49-25,1589080765,6.726251125335693,46.627472162246704,27622,skbly7.local,192.168.1.5,46.627472162246704,0,6,00000,0,"[166.0, 28.0, 82.0, 119.0, 156.0, 48.0, 153.0, 77.0, 145.0, 105.0, 11.0, 25.0, 20.0, 13.0, 24.0, 17.0, 9.0, 12.0, 10.0, 20.0, 34.0, 10.0, 13.0, 12.0, 19.0, 12.0, 31.0, 18.0, 11.0, 20.0, 10.0, 22.0, 13.0, 11.0, 19.0, 12.0, 31.0, 10.0, 11.0, 18.0, 17.0, 39.0, 34.0, 18.0, 12.0, 25.0, 34.0, 19.0, 13.0, 29.0, 15.0, 25.0, 31.0, 26.0, 29.0, 16.0, 22.0, 18.0, 13.0, 25.0, 11.0, 34.0, 19.0, 20.0, 13.0, 18.0, 9.0, 22.0, 90.0, 15.0, 46.0, 29.0, 26.0, 37.0, 41.0, 74.0, 121.0, 21.0, 48.0, 26.0, 22.0, 83.0, 11.0, 29.0, 41.0, 54.0, 24.0, 55.0, 34.0, 16.0, 83.0, 70.0, 135.0, 101.0, 64.0, 74.0, 94.0, 200.0, 52.0, 44.0]","[166, 28, 82, 119, 156, 48, 153, 77, 145, 105, 11, 25, 20, 13, 24, 17, 9, 12, 10, 20, 34, 10, 13, 12, 19, 12, 31, 18, 11, 20, 10, 22, 13, 11, 19, 12, 31, 10, 11, 18, 17, 39, 34, 18, 12, 25, 34, 19, 13, 29, 15, 25, 31, 26, 29, 16, 22, 18, 13, 25, 11, 34, 19, 20, 13, 18, 9, 22, 90, 15, 46, 29, 26, 37, 41, 74, 121, 21, 48, 26, 22, 83, 11, 29, 41, 54, 24, 55, 34, 16, 83, 70, 135, 101, 64, 74, 94, 200, 52, 44]",0.9983295697119905,0.37163582750762514,1.189117717055882,3.737,8562.425,11.301,6024,40224,5536,10,79.29,70.6,0.0005000000237487257,8.524828,-1.0965877,10.691012,-0.0072066486
200.0,9.0,48.33,48.33,8,1,7028,False,202,7,e21f312a28f04f38af03f9b8316a21fc,2020-05-10_08-49-31,1589080771,5.846127033233643,52.47359919548035,27622,skbly7.local,192.168.1.5,52.47359919548035,0,7,00000,0,"[127.0, 164.0, 104.0, 85.0, 40.0, 131.0, 156.0, 114.0, 10.0, 20.0, 34.0, 10.0, 13.0, 12.0, 19.0, 12.0, 31.0, 18.0, 11.0, 20.0, 10.0, 22.0, 13.0, 11.0, 19.0, 12.0, 31.0, 10.0, 11.0, 18.0, 17.0, 39.0, 34.0, 18.0, 12.0, 25.0, 34.0, 19.0, 13.0, 29.0, 15.0, 25.0, 31.0, 26.0, 29.0, 16.0, 22.0, 18.0, 13.0, 25.0, 11.0, 34.0, 19.0, 20.0, 13.0, 18.0, 9.0, 22.0, 90.0, 15.0, 46.0, 29.0, 26.0, 37.0, 41.0, 74.0, 121.0, 21.0, 48.0, 26.0, 22.0, 83.0, 11.0, 29.0, 41.0, 54.0, 24.0, 55.0, 34.0, 16.0, 83.0, 70.0, 135.0, 101.0, 64.0, 74.0, 94.0, 200.0, 52.0, 44.0, 166.0, 28.0, 82.0, 119.0, 156.0, 48.0, 153.0, 77.0, 145.0, 105.0]","[127, 164, 104, 85, 40, 131, 156, 114, 10, 20, 34, 10, 13, 12, 19, 12, 31, 18, 11, 20, 10, 22, 13, 11, 19, 12, 31, 10, 11, 18, 17, 39, 34, 18, 12, 25, 34, 19, 13, 29, 15, 25, 31, 26, 29, 16, 22, 18, 13, 25, 11, 34, 19, 20, 13, 18, 9, 22, 90, 15, 46, 29, 26, 37, 41, 74, 121, 21, 48, 26, 22, 83, 11, 29, 41, 54, 24, 55, 34, 16, 83, 70, 135, 101, 64, 74, 94, 200, 52, 44, 166, 28, 82, 119, 156, 48, 153, 77, 145, 105]",0.9459096837171009,0.3611572002308112,1.187222485770849,3.672,8714.531,12.774,7028,48256,6544,12,76.0125,70.46249999999999,0.0005000000237487257,9.724155,-0.5862508,13.114156,0.094579786
200.0,9.0,56.74,56.74,7,1,8032,False,209,8,e21f312a28f04f38af03f9b8316a21fc,2020-05-10_08-49-39,1589080779,8.121658325195312,60.59525752067566,27622,skbly7.local,192.168.1.5,60.59525752067566,0,8,00000,0,"[115.0, 133.0, 196.0, 141.0, 74.0, 131.0, 169.0, 12.0, 31.0, 18.0, 11.0, 20.0, 10.0, 22.0, 13.0, 11.0, 19.0, 12.0, 31.0, 10.0, 11.0, 18.0, 17.0, 39.0, 34.0, 18.0, 12.0, 25.0, 34.0, 19.0, 13.0, 29.0, 15.0, 25.0, 31.0, 26.0, 29.0, 16.0, 22.0, 18.0, 13.0, 25.0, 11.0, 34.0, 19.0, 20.0, 13.0, 18.0, 9.0, 22.0, 90.0, 15.0, 46.0, 29.0, 26.0, 37.0, 41.0, 74.0, 121.0, 21.0, 48.0, 26.0, 22.0, 83.0, 11.0, 29.0, 41.0, 54.0, 24.0, 55.0, 34.0, 16.0, 83.0, 70.0, 135.0, 101.0, 64.0, 74.0, 94.0, 200.0, 52.0, 44.0, 166.0, 28.0, 82.0, 119.0, 156.0, 48.0, 153.0, 77.0, 145.0, 105.0, 127.0, 164.0, 104.0, 85.0, 40.0, 131.0, 156.0, 114.0]","[115, 133, 196, 141, 74, 131, 169, 12, 31, 18, 11, 20, 10, 22, 13, 11, 19, 12, 31, 10, 11, 18, 17, 39, 34, 18, 12, 25, 34, 19, 13, 29, 15, 25, 31, 26, 29, 16, 22, 18, 13, 25, 11, 34, 19, 20, 13, 18, 9, 22, 90, 15, 46, 29, 26, 37, 41, 74, 121, 21, 48, 26, 22, 83, 11, 29, 41, 54, 24, 55, 34, 16, 83, 70, 135, 101, 64, 74, 94, 200, 52, 44, 166, 28, 82, 119, 156, 48, 153, 77, 145, 105, 127, 164, 104, 85, 40, 131, 156, 114]",0.8988503579151215,0.35174516499716246,1.1874946914248599,4.055,7890.658,7.426,8032,56288,7552,14,86.38333333333333,69.90833333333335,0.0005000000237487257,11.661847,-0.96601444,15.209205,0.16018395
200.0,9.0,66.79,66.79,7,1,9036,False,216,9,e21f312a28f04f38af03f9b8316a21fc,2020-05-10_08-49-48,1589080788,8.681480407714844,69.2767379283905,27622,skbly7.local,192.168.1.5,69.2767379283905,0,9,00000,0,"[142.0, 111.0, 169.0, 200.0, 133.0, 200.0, 174.0, 13.0, 11.0, 19.0, 12.0, 31.0, 10.0, 11.0, 18.0, 17.0, 39.0, 34.0, 18.0, 12.0, 25.0, 34.0, 19.0, 13.0, 29.0, 15.0, 25.0, 31.0, 26.0, 29.0, 16.0, 22.0, 18.0, 13.0, 25.0, 11.0, 34.0, 19.0, 20.0, 13.0, 18.0, 9.0, 22.0, 90.0, 15.0, 46.0, 29.0, 26.0, 37.0, 41.0, 74.0, 121.0, 21.0, 48.0, 26.0, 22.0, 83.0, 11.0, 29.0, 41.0, 54.0, 24.0, 55.0, 34.0, 16.0, 83.0, 70.0, 135.0, 101.0, 64.0, 74.0, 94.0, 200.0, 52.0, 44.0, 166.0, 28.0, 82.0, 119.0, 156.0, 48.0, 153.0, 77.0, 145.0, 105.0, 127.0, 164.0, 104.0, 85.0, 40.0, 131.0, 156.0, 114.0, 115.0, 133.0, 196.0, 141.0, 74.0, 131.0, 169.0]","[142, 111, 169, 200, 133, 200, 174, 13, 11, 19, 12, 31, 10, 11, 18, 17, 39, 34, 18, 12, 25, 34, 19, 13, 29, 15, 25, 31, 26, 29, 16, 22, 18, 13, 25, 11, 34, 19, 20, 13, 18, 9, 22, 90, 15, 46, 29, 26, 37, 41, 74, 121, 21, 48, 26, 22, 83, 11, 29, 41, 54, 24, 55, 34, 16, 83, 70, 135, 101, 64, 74, 94, 200, 52, 44, 166, 28, 82, 119, 156, 48, 153, 77, 145, 105, 127, 164, 104, 85, 40, 131, 156, 114, 115, 133, 196, 141, 74, 131, 169]",0.8501857155772163,0.3482422080524006,1.1888287264843793,3.2,9999.607,6.521,9036,64320,8560,16,66.29166666666666,70.425,0.0005000000237487257,13.60377,-0.96339893,16.362593,-0.30225503
200.0,9.0,74.62,74.62,6,1,10040,False,222,10,e21f312a28f04f38af03f9b8316a21fc,2020-05-10_08-49-57,1589080797,9.17509913444519,78.4518370628357,27622,skbly7.local,192.168.1.5,78.4518370628357,0,10,00000,0,"[157.0, 125.0, 129.0, 151.0, 143.0, 174.0, 11.0, 18.0, 17.0, 39.0, 34.0, 18.0, 12.0, 25.0, 34.0, 19.0, 13.0, 29.0, 15.0, 25.0, 31.0, 26.0, 29.0, 16.0, 22.0, 18.0, 13.0, 25.0, 11.0, 34.0, 19.0, 20.0, 13.0, 18.0, 9.0, 22.0, 90.0, 15.0, 46.0, 29.0, 26.0, 37.0, 41.0, 74.0, 121.0, 21.0, 48.0, 26.0, 22.0, 83.0, 11.0, 29.0, 41.0, 54.0, 24.0, 55.0, 34.0, 16.0, 83.0, 70.0, 135.0, 101.0, 64.0, 74.0, 94.0, 200.0, 52.0, 44.0, 166.0, 28.0, 82.0, 119.0, 156.0, 48.0, 153.0, 77.0, 145.0, 105.0, 127.0, 164.0, 104.0, 85.0, 40.0, 131.0, 156.0, 114.0, 115.0, 133.0, 196.0, 141.0, 74.0, 131.0, 169.0, 142.0, 111.0, 169.0, 200.0, 133.0, 200.0, 174.0]","[157, 125, 129, 151, 143, 174, 11, 18, 17, 39, 34, 18, 12, 25, 34, 19, 13, 29, 15, 25, 31, 26, 29, 16, 22, 18, 13, 25, 11, 34, 19, 20, 13, 18, 9, 22, 90, 15, 46, 29, 26, 37, 41, 74, 121, 21, 48, 26, 22, 83, 11, 29, 41, 54, 24, 55, 34, 16, 83, 70, 135, 101, 64, 74, 94, 200, 52, 44, 166, 28, 82, 119, 156, 48, 153, 77, 145, 105, 127, 164, 104, 85, 40, 131, 156, 114, 115, 133, 196, 141, 74, 131, 169, 142, 111, 169, 200, 133, 200, 174]",0.8190815734820137,0.34468134386710353,1.1904053767273515,3.102,10315.395,6.474,10040,72352,9568,18,74.18571428571428,67.93571428571428,0.0005000000237487257,14.02129,1.2082146,19.25086,1.3400164
200.0,9.0,84.36,84.36,6,1,11044,False,228,11,e21f312a28f04f38af03f9b8316a21fc,2020-05-10_08-50-03,1589080803,5.707253694534302,84.15909075737,27622,skbly7.local,192.168.1.5,84.15909075737,0,11,00000,0,"[146.0, 165.0, 200.0, 200.0, 200.0, 200.0, 12.0, 25.0, 34.0, 19.0, 13.0, 29.0, 15.0, 25.0, 31.0, 26.0, 29.0, 16.0, 22.0, 18.0, 13.0, 25.0, 11.0, 34.0, 19.0, 20.0, 13.0, 18.0, 9.0, 22.0, 90.0, 15.0, 46.0, 29.0, 26.0, 37.0, 41.0, 74.0, 121.0, 21.0, 48.0, 26.0, 22.0, 83.0, 11.0, 29.0, 41.0, 54.0, 24.0, 55.0, 34.0, 16.0, 83.0, 70.0, 135.0, 101.0, 64.0, 74.0, 94.0, 200.0, 52.0, 44.0, 166.0, 28.0, 82.0, 119.0, 156.0, 48.0, 153.0, 77.0, 145.0, 105.0, 127.0, 164.0, 104.0, 85.0, 40.0, 131.0, 156.0, 114.0, 115.0, 133.0, 196.0, 141.0, 74.0, 131.0, 169.0, 142.0, 111.0, 169.0, 200.0, 133.0, 200.0, 174.0, 157.0, 125.0, 129.0, 151.0, 143.0, 174.0]","[146, 165, 200, 200, 200, 200, 12, 25, 34, 19, 13, 29, 15, 25, 31, 26, 29, 16, 22, 18, 13, 25, 11, 34, 19, 20, 13, 18, 9, 22, 90, 15, 46, 29, 26, 37, 41, 74, 121, 21, 48, 26, 22, 83, 11, 29, 41, 54, 24, 55, 34, 16, 83, 70, 135, 101, 64, 74, 94, 200, 52, 44, 166, 28, 82, 119, 156, 48, 153, 77, 145, 105, 127, 164, 104, 85, 40, 131, 156, 114, 115, 133, 196, 141, 74, 131, 169, 142, 111, 169, 200, 133, 200, 174, 157, 125, 129, 151, 143, 174]",0.7848432798700409,0.3400607177161168,1.1902642799905407,3.561,8985.347,7.831,11044,80384,10576,20,57.3375,63.400000000000006,0.0005000000237487257,17.770668,7.77862,20.90901,0.9441785
200.0,9.0,92.11,92.11,5,1,12048,False,233,12,e21f312a28f04f38af03f9b8316a21fc,2020-05-10_08-50-09,1589080809,6.055661916732788,90.21475267410278,27622,skbly7.local,192.168.1.5,90.21475267410278,0,12,00000,0,"[200.0, 200.0, 176.0, 168.0, 134.0, 29.0, 15.0, 25.0, 31.0, 26.0, 29.0, 16.0, 22.0, 18.0, 13.0, 25.0, 11.0, 34.0, 19.0, 20.0, 13.0, 18.0, 9.0, 22.0, 90.0, 15.0, 46.0, 29.0, 26.0, 37.0, 41.0, 74.0, 121.0, 21.0, 48.0, 26.0, 22.0, 83.0, 11.0, 29.0, 41.0, 54.0, 24.0, 55.0, 34.0, 16.0, 83.0, 70.0, 135.0, 101.0, 64.0, 74.0, 94.0, 200.0, 52.0, 44.0, 166.0, 28.0, 82.0, 119.0, 156.0, 48.0, 153.0, 77.0, 145.0, 105.0, 127.0, 164.0, 104.0, 85.0, 40.0, 131.0, 156.0, 114.0, 115.0, 133.0, 196.0, 141.0, 74.0, 131.0, 169.0, 142.0, 111.0, 169.0, 200.0, 133.0, 200.0, 174.0, 157.0, 125.0, 129.0, 151.0, 143.0, 174.0, 146.0, 165.0, 200.0, 200.0, 200.0, 200.0]","[200, 200, 176, 168, 134, 29, 15, 25, 31, 26, 29, 16, 22, 18, 13, 25, 11, 34, 19, 20, 13, 18, 9, 22, 90, 15, 46, 29, 26, 37, 41, 74, 121, 21, 48, 26, 22, 83, 11, 29, 41, 54, 24, 55, 34, 16, 83, 70, 135, 101, 64, 74, 94, 200, 52, 44, 166, 28, 82, 119, 156, 48, 153, 77, 145, 105, 127, 164, 104, 85, 40, 131, 156, 114, 115, 133, 196, 141, 74, 131, 169, 142, 111, 169, 200, 133, 200, 174, 157, 125, 129, 151, 143, 174, 146, 165, 200, 200, 200, 200]",0.7541776612274839,0.33551840341144046,1.1894965260153791,4.112,7782.543,8.848,12048,88416,11584,22,67.2375,64.57499999999999,0.0005000000237487257,19.165865,-0.16189194,22.32069,0.6793239
200.0,9.0,100.55,100.55,5,1,13052,False,238,13,e21f312a28f04f38af03f9b8316a21fc,2020-05-10_08-50-14,1589080814,5.080322980880737,95.29507565498352,27622,skbly7.local,192.168.1.5,95.29507565498352,0,13,00000,0,"[170.0, 200.0, 200.0, 200.0, 200.0, 29.0, 16.0, 22.0, 18.0, 13.0, 25.0, 11.0, 34.0, 19.0, 20.0, 13.0, 18.0, 9.0, 22.0, 90.0, 15.0, 46.0, 29.0, 26.0, 37.0, 41.0, 74.0, 121.0, 21.0, 48.0, 26.0, 22.0, 83.0, 11.0, 29.0, 41.0, 54.0, 24.0, 55.0, 34.0, 16.0, 83.0, 70.0, 135.0, 101.0, 64.0, 74.0, 94.0, 200.0, 52.0, 44.0, 166.0, 28.0, 82.0, 119.0, 156.0, 48.0, 153.0, 77.0, 145.0, 105.0, 127.0, 164.0, 104.0, 85.0, 40.0, 131.0, 156.0, 114.0, 115.0, 133.0, 196.0, 141.0, 74.0, 131.0, 169.0, 142.0, 111.0, 169.0, 200.0, 133.0, 200.0, 174.0, 157.0, 125.0, 129.0, 151.0, 143.0, 174.0, 146.0, 165.0, 200.0, 200.0, 200.0, 200.0, 200.0, 200.0, 176.0, 168.0, 134.0]","[170, 200, 200, 200, 200, 29, 16, 22, 18, 13, 25, 11, 34, 19, 20, 13, 18, 9, 22, 90, 15, 46, 29, 26, 37, 41, 74, 121, 21, 48, 26, 22, 83, 11, 29, 41, 54, 24, 55, 34, 16, 83, 70, 135, 101, 64, 74, 94, 200, 52, 44, 166, 28, 82, 119, 156, 48, 153, 77, 145, 105, 127, 164, 104, 85, 40, 131, 156, 114, 115, 133, 196, 141, 74, 131, 169, 142, 111, 169, 200, 133, 200, 174, 157, 125, 129, 151, 143, 174, 146, 165, 200, 200, 200, 200, 200, 200, 176, 168, 134]",0.7216437296942115,0.33031789381280896,1.1873507364321096,3.068,10430.43,6.782,13052,96448,12592,24,55.1875,65.225,0.0005000000237487257,21.456173,1.3180571,24.988464,0.7275077
200.0,9.0,109.86,109.86,6,1,14056,False,244,14,e21f312a28f04f38af03f9b8316a21fc,2020-05-10_08-50-19,1589080819,5.156373023986816,100.45144867897034,27622,skbly7.local,192.168.1.5,100.45144867897034,0,14,00000,0,"[200.0, 200.0, 159.0, 139.0, 156.0, 200.0, 11.0, 34.0, 19.0, 20.0, 13.0, 18.0, 9.0, 22.0, 90.0, 15.0, 46.0, 29.0, 26.0, 37.0, 41.0, 74.0, 121.0, 21.0, 48.0, 26.0, 22.0, 83.0, 11.0, 29.0, 41.0, 54.0, 24.0, 55.0, 34.0, 16.0, 83.0, 70.0, 135.0, 101.0, 64.0, 74.0, 94.0, 200.0, 52.0, 44.0, 166.0, 28.0, 82.0, 119.0, 156.0, 48.0, 153.0, 77.0, 145.0, 105.0, 127.0, 164.0, 104.0, 85.0, 40.0, 131.0, 156.0, 114.0, 115.0, 133.0, 196.0, 141.0, 74.0, 131.0, 169.0, 142.0, 111.0, 169.0, 200.0, 133.0, 200.0, 174.0, 157.0, 125.0, 129.0, 151.0, 143.0, 174.0, 146.0, 165.0, 200.0, 200.0, 200.0, 200.0, 200.0, 200.0, 176.0, 168.0, 134.0, 170.0, 200.0, 200.0, 200.0, 200.0]","[200, 200, 159, 139, 156, 200, 11, 34, 19, 20, 13, 18, 9, 22, 90, 15, 46, 29, 26, 37, 41, 74, 121, 21, 48, 26, 22, 83, 11, 29, 41, 54, 24, 55, 34, 16, 83, 70, 135, 101, 64, 74, 94, 200, 52, 44, 166, 28, 82, 119, 156, 48, 153, 77, 145, 105, 127, 164, 104, 85, 40, 131, 156, 114, 115, 133, 196, 141, 74, 131, 169, 142, 111, 169, 200, 133, 200, 174, 157, 125, 129, 151, 143, 174, 146, 165, 200, 200, 200, 200, 200, 200, 176, 168, 134, 170, 200, 200, 200, 200]",0.6806771488844582,0.32338690349998805,1.1833065330913413,3.314,9655.118,6.837,14056,104480,13600,26,51.971428571428575,65.39999999999999,0.0005000000237487257,19.62894,-5.4468317,26.206087,1.013035
200.0,9.0,119.12,119.12,6,1,15060,False,250,15,e21f312a28f04f38af03f9b8316a21fc,2020-05-10_08-50-24,1589080824,5.1704699993133545,105.62191867828369,27622,skbly7.local,192.168.1.5,105.62191867828369,0,15,00000,0,"[157.0, 200.0, 200.0, 190.0, 134.0, 160.0, 9.0, 22.0, 90.0, 15.0, 46.0, 29.0, 26.0, 37.0, 41.0, 74.0, 121.0, 21.0, 48.0, 26.0, 22.0, 83.0, 11.0, 29.0, 41.0, 54.0, 24.0, 55.0, 34.0, 16.0, 83.0, 70.0, 135.0, 101.0, 64.0, 74.0, 94.0, 200.0, 52.0, 44.0, 166.0, 28.0, 82.0, 119.0, 156.0, 48.0, 153.0, 77.0, 145.0, 105.0, 127.0, 164.0, 104.0, 85.0, 40.0, 131.0, 156.0, 114.0, 115.0, 133.0, 196.0, 141.0, 74.0, 131.0, 169.0, 142.0, 111.0, 169.0, 200.0, 133.0, 200.0, 174.0, 157.0, 125.0, 129.0, 151.0, 143.0, 174.0, 146.0, 165.0, 200.0, 200.0, 200.0, 200.0, 200.0, 200.0, 176.0, 168.0, 134.0, 170.0, 200.0, 200.0, 200.0, 200.0, 200.0, 200.0, 159.0, 139.0, 156.0, 200.0]","[157, 200, 200, 190, 134, 160, 9, 22, 90, 15, 46, 29, 26, 37, 41, 74, 121, 21, 48, 26, 22, 83, 11, 29, 41, 54, 24, 55, 34, 16, 83, 70, 135, 101, 64, 74, 94, 200, 52, 44, 166, 28, 82, 119, 156, 48, 153, 77, 145, 105, 127, 164, 104, 85, 40, 131, 156, 114, 115, 133, 196, 141, 74, 131, 169, 142, 111, 169, 200, 133, 200, 174, 157, 125, 129, 151, 143, 174, 146, 165, 200, 200, 200, 200, 200, 200, 176, 168, 134, 170, 200, 200, 200, 200, 200, 200, 159, 139, 156, 200]",0.6461006851561464,0.3174957398428757,1.1780573575368194,3.523,9084.049,6.47,15060,112512,14608,28,52.9,66.14285714285714,0.0005000000237487257,21.641674,-4.9947705,26.48071,-0.48946205
200.0,11.0,127.65,127.65,7,1,16064,False,257,16,e21f312a28f04f38af03f9b8316a21fc,2020-05-10_08-50-30,1589080830,5.668500900268555,111.29041957855225,27622,skbly7.local,192.168.1.5,111.29041957855225,0,16,00000,0,"[165.0, 149.0, 200.0, 200.0, 128.0, 145.0, 103.0, 37.0, 41.0, 74.0, 121.0, 21.0, 48.0, 26.0, 22.0, 83.0, 11.0, 29.0, 41.0, 54.0, 24.0, 55.0, 34.0, 16.0, 83.0, 70.0, 135.0, 101.0, 64.0, 74.0, 94.0, 200.0, 52.0, 44.0, 166.0, 28.0, 82.0, 119.0, 156.0, 48.0, 153.0, 77.0, 145.0, 105.0, 127.0, 164.0, 104.0, 85.0, 40.0, 131.0, 156.0, 114.0, 115.0, 133.0, 196.0, 141.0, 74.0, 131.0, 169.0, 142.0, 111.0, 169.0, 200.0, 133.0, 200.0, 174.0, 157.0, 125.0, 129.0, 151.0, 143.0, 174.0, 146.0, 165.0, 200.0, 200.0, 200.0, 200.0, 200.0, 200.0, 176.0, 168.0, 134.0, 170.0, 200.0, 200.0, 200.0, 200.0, 200.0, 200.0, 159.0, 139.0, 156.0, 200.0, 157.0, 200.0, 200.0, 190.0, 134.0, 160.0]","[165, 149, 200, 200, 128, 145, 103, 37, 41, 74, 121, 21, 48, 26, 22, 83, 11, 29, 41, 54, 24, 55, 34, 16, 83, 70, 135, 101, 64, 74, 94, 200, 52, 44, 166, 28, 82, 119, 156, 48, 153, 77, 145, 105, 127, 164, 104, 85, 40, 131, 156, 114, 115, 133, 196, 141, 74, 131, 169, 142, 111, 169, 200, 133, 200, 174, 157, 125, 129, 151, 143, 174, 146, 165, 200, 200, 200, 200, 200, 200, 176, 168, 134, 170, 200, 200, 200, 200, 200, 200, 159, 139, 156, 200, 157, 200, 200, 190, 134, 160]",0.6134967882903942,0.31199605723306684,1.17105044372463,3.229,9909.243,7.226,16064,120544,15616,30,68.62222222222222,67.28888888888889,0.0005000000237487257,24.12669,1.3884673,28.883581,0.7782894
200.0,11.0,132.24,132.24,9,1,17068,False,266,17,e21f312a28f04f38af03f9b8316a21fc,2020-05-10_08-50-38,1589080838,7.813218116760254,119.1036376953125,27622,skbly7.local,192.168.1.5,119.1036376953125,0,17,00000,0,"[30.0, 90.0, 118.0, 108.0, 97.0, 119.0, 114.0, 137.0, 119.0, 11.0, 29.0, 41.0, 54.0, 24.0, 55.0, 34.0, 16.0, 83.0, 70.0, 135.0, 101.0, 64.0, 74.0, 94.0, 200.0, 52.0, 44.0, 166.0, 28.0, 82.0, 119.0, 156.0, 48.0, 153.0, 77.0, 145.0, 105.0, 127.0, 164.0, 104.0, 85.0, 40.0, 131.0, 156.0, 114.0, 115.0, 133.0, 196.0, 141.0, 74.0, 131.0, 169.0, 142.0, 111.0, 169.0, 200.0, 133.0, 200.0, 174.0, 157.0, 125.0, 129.0, 151.0, 143.0, 174.0, 146.0, 165.0, 200.0, 200.0, 200.0, 200.0, 200.0, 200.0, 176.0, 168.0, 134.0, 170.0, 200.0, 200.0, 200.0, 200.0, 200.0, 200.0, 159.0, 139.0, 156.0, 200.0, 157.0, 200.0, 200.0, 190.0, 134.0, 160.0, 165.0, 149.0, 200.0, 200.0, 128.0, 145.0, 103.0]","[30, 90, 118, 108, 97, 119, 114, 137, 119, 11, 29, 41, 54, 24, 55, 34, 16, 83, 70, 135, 101, 64, 74, 94, 200, 52, 44, 166, 28, 82, 119, 156, 48, 153, 77, 145, 105, 127, 164, 104, 85, 40, 131, 156, 114, 115, 133, 196, 141, 74, 131, 169, 142, 111, 169, 200, 133, 200, 174, 157, 125, 129, 151, 143, 174, 146, 165, 200, 200, 200, 200, 200, 200, 176, 168, 134, 170, 200, 200, 200, 200, 200, 200, 159, 139, 156, 200, 157, 200, 200, 190, 134, 160, 165, 149, 200, 200, 128, 145, 103]",0.5697506587039114,0.30449321822967074,1.1623482936068816,3.467,9231.121,8.284,17068,128576,16624,32,82.11818181818181,69.76363636363637,0.0005000000237487257,23.499596,-7.8423114,30.536146,0.63378865
200.0,16.0,140.7,140.7,6,1,18072,False,272,18,e21f312a28f04f38af03f9b8316a21fc,2020-05-10_08-50-45,1589080845,7.3165271282196045,126.4201648235321,27622,skbly7.local,192.168.1.5,126.4201648235321,0,18,00000,0,"[123.0, 138.0, 200.0, 200.0, 200.0, 199.0, 34.0, 16.0, 83.0, 70.0, 135.0, 101.0, 64.0, 74.0, 94.0, 200.0, 52.0, 44.0, 166.0, 28.0, 82.0, 119.0, 156.0, 48.0, 153.0, 77.0, 145.0, 105.0, 127.0, 164.0, 104.0, 85.0, 40.0, 131.0, 156.0, 114.0, 115.0, 133.0, 196.0, 141.0, 74.0, 131.0, 169.0, 142.0, 111.0, 169.0, 200.0, 133.0, 200.0, 174.0, 157.0, 125.0, 129.0, 151.0, 143.0, 174.0, 146.0, 165.0, 200.0, 200.0, 200.0, 200.0, 200.0, 200.0, 176.0, 168.0, 134.0, 170.0, 200.0, 200.0, 200.0, 200.0, 200.0, 200.0, 159.0, 139.0, 156.0, 200.0, 157.0, 200.0, 200.0, 190.0, 134.0, 160.0, 165.0, 149.0, 200.0, 200.0, 128.0, 145.0, 103.0, 30.0, 90.0, 118.0, 108.0, 97.0, 119.0, 114.0, 137.0, 119.0]","[123, 138, 200, 200, 200, 199, 34, 16, 83, 70, 135, 101, 64, 74, 94, 200, 52, 44, 166, 28, 82, 119, 156, 48, 153, 77, 145, 105, 127, 164, 104, 85, 40, 131, 156, 114, 115, 133, 196, 141, 74, 131, 169, 142, 111, 169, 200, 133, 200, 174, 157, 125, 129, 151, 143, 174, 146, 165, 200, 200, 200, 200, 200, 200, 176, 168, 134, 170, 200, 200, 200, 200, 200, 200, 159, 139, 156, 200, 157, 200, 200, 190, 134, 160, 165, 149, 200, 200, 128, 145, 103, 30, 90, 118, 108, 97, 119, 114, 137, 119]",0.5395459820665199,0.299243534910348,1.156863590622901,3.752,8529.505,6.423,18072,136608,17632,34,85.36999999999999,71.09,0.0005000000237487257,22.123981,-8.087954,32.194324,0.58346164
200.0,28.0,146.98,146.98,5,1,19076,False,277,19,e21f312a28f04f38af03f9b8316a21fc,2020-05-10_08-50-50,1589080850,5.015136957168579,131.43530178070068,27622,skbly7.local,192.168.1.5,131.43530178070068,0,19,00000,0,"[200.0, 191.0, 194.0, 200.0, 181.0, 101.0, 64.0, 74.0, 94.0, 200.0, 52.0, 44.0, 166.0, 28.0, 82.0, 119.0, 156.0, 48.0, 153.0, 77.0, 145.0, 105.0, 127.0, 164.0, 104.0, 85.0, 40.0, 131.0, 156.0, 114.0, 115.0, 133.0, 196.0, 141.0, 74.0, 131.0, 169.0, 142.0, 111.0, 169.0, 200.0, 133.0, 200.0, 174.0, 157.0, 125.0, 129.0, 151.0, 143.0, 174.0, 146.0, 165.0, 200.0, 200.0, 200.0, 200.0, 200.0, 200.0, 176.0, 168.0, 134.0, 170.0, 200.0, 200.0, 200.0, 200.0, 200.0, 200.0, 159.0, 139.0, 156.0, 200.0, 157.0, 200.0, 200.0, 190.0, 134.0, 160.0, 165.0, 149.0, 200.0, 200.0, 128.0, 145.0, 103.0, 30.0, 90.0, 118.0, 108.0, 97.0, 119.0, 114.0, 137.0, 119.0, 123.0, 138.0, 200.0, 200.0, 200.0, 199.0]","[200, 191, 194, 200, 181, 101, 64, 74, 94, 200, 52, 44, 166, 28, 82, 119, 156, 48, 153, 77, 145, 105, 127, 164, 104, 85, 40, 131, 156, 114, 115, 133, 196, 141, 74, 131, 169, 142, 111, 169, 200, 133, 200, 174, 157, 125, 129, 151, 143, 174, 146, 165, 200, 200, 200, 200, 200, 200, 176, 168, 134, 170, 200, 200, 200, 200, 200, 200, 159, 139, 156, 200, 157, 200, 200, 190, 134, 160, 165, 149, 200, 200, 128, 145, 103, 30, 90, 118, 108, 97, 119, 114, 137, 119, 123, 138, 200, 200, 200, 199]",0.5199626277837934,0.2957646277354256,1.1515571893745875,3.029,10566.245,7.26,19076,144640,18640,36,50.84285714285715,66.58571428571427,0.0005000000237487257,28.820831,-2.5627902,33.755997,2.2222788
200.0,28.0,150.97,150.97,7,1,20080,False,284,20,e21f312a28f04f38af03f9b8316a21fc,2020-05-10_08-50-55,1589080855,5.005697965621948,136.44099974632263,27622,skbly7.local,192.168.1.5,136.44099974632263,0,20,00000,0,"[200.0, 139.0, 126.0, 135.0, 131.0, 162.0, 135.0, 166.0, 28.0, 82.0, 119.0, 156.0, 48.0, 153.0, 77.0, 145.0, 105.0, 127.0, 164.0, 104.0, 85.0, 40.0, 131.0, 156.0, 114.0, 115.0, 133.0, 196.0, 141.0, 74.0, 131.0, 169.0, 142.0, 111.0, 169.0, 200.0, 133.0, 200.0, 174.0, 157.0, 125.0, 129.0, 151.0, 143.0, 174.0, 146.0, 165.0, 200.0, 200.0, 200.0, 200.0, 200.0, 200.0, 176.0, 168.0, 134.0, 170.0, 200.0, 200.0, 200.0, 200.0, 200.0, 200.0, 159.0, 139.0, 156.0, 200.0, 157.0, 200.0, 200.0, 190.0, 134.0, 160.0, 165.0, 149.0, 200.0, 200.0, 128.0, 145.0, 103.0, 30.0, 90.0, 118.0, 108.0, 97.0, 119.0, 114.0, 137.0, 119.0, 123.0, 138.0, 200.0, 200.0, 200.0, 199.0, 200.0, 191.0, 194.0, 200.0, 181.0]","[200, 139, 126, 135, 131, 162, 135, 166, 28, 82, 119, 156, 48, 153, 77, 145, 105, 127, 164, 104, 85, 40, 131, 156, 114, 115, 133, 196, 141, 74, 131, 169, 142, 111, 169, 200, 133, 200, 174, 157, 125, 129, 151, 143, 174, 146, 165, 200, 200, 200, 200, 200, 200, 176, 168, 134, 170, 200, 200, 200, 200, 200, 200, 159, 139, 156, 200, 157, 200, 200, 190, 134, 160, 165, 149, 200, 200, 128, 145, 103, 30, 90, 118, 108, 97, 119, 114, 137, 119, 123, 138, 200, 200, 200, 199, 200, 191, 194, 200, 181]",0.49371771794760305,0.29091275391727145,1.1431518870661583,3.923,8157.793,6.357,20080,152672,19648,38,48.2,65.5875,0.0005000000237487257,30.773174,9.415154,34.912506,1.6059946
200.0,30.0,152.7,152.7,8,1,21084,False,292,21,e21f312a28f04f38af03f9b8316a21fc,2020-05-10_08-51-01,1589080861,5.019644260406494,141.46064400672913,27622,skbly7.local,192.168.1.5,141.46064400672913,0,21,00000,0,"[117.0, 108.0, 92.0, 115.0, 134.0, 112.0, 166.0, 158.0, 145.0, 105.0, 127.0, 164.0, 104.0, 85.0, 40.0, 131.0, 156.0, 114.0, 115.0, 133.0, 196.0, 141.0, 74.0, 131.0, 169.0, 142.0, 111.0, 169.0, 200.0, 133.0, 200.0, 174.0, 157.0, 125.0, 129.0, 151.0, 143.0, 174.0, 146.0, 165.0, 200.0, 200.0, 200.0, 200.0, 200.0, 200.0, 176.0, 168.0, 134.0, 170.0, 200.0, 200.0, 200.0, 200.0, 200.0, 200.0, 159.0, 139.0, 156.0, 200.0, 157.0, 200.0, 200.0, 190.0, 134.0, 160.0, 165.0, 149.0, 200.0, 200.0, 128.0, 145.0, 103.0, 30.0, 90.0, 118.0, 108.0, 97.0, 119.0, 114.0, 137.0, 119.0, 123.0, 138.0, 200.0, 200.0, 200.0, 199.0, 200.0, 191.0, 194.0, 200.0, 181.0, 200.0, 139.0, 126.0, 135.0, 131.0, 162.0, 135.0]","[117, 108, 92, 115, 134, 112, 166, 158, 145, 105, 127, 164, 104, 85, 40, 131, 156, 114, 115, 133, 196, 141, 74, 131, 169, 142, 111, 169, 200, 133, 200, 174, 157, 125, 129, 151, 143, 174, 146, 165, 200, 200, 200, 200, 200, 200, 176, 168, 134, 170, 200, 200, 200, 200, 200, 200, 159, 139, 156, 200, 157, 200, 200, 190, 134, 160, 165, 149, 200, 200, 128, 145, 103, 30, 90, 118, 108, 97, 119, 114, 137, 119, 123, 138, 200, 200, 200, 199, 200, 191, 194, 200, 181, 200, 139, 126, 135, 131, 162, 135]",0.4711846507526755,0.2867673946034206,1.1328670111265715,3.016,10611.02,6.765,21084,160704,20656,40,49.55714285714286,65.5,0.0005000000237487257,30.953688,9.934478,36.13595,1.55914
200.0,30.0,155.02,155.02,7,1,22088,False,299,22,e21f312a28f04f38af03f9b8316a21fc,2020-05-10_08-51-06,1589080866,5.124742031097412,146.58538603782654,27622,skbly7.local,192.168.1.5,146.58538603782654,0,22,00000,0,"[178.0, 139.0, 131.0, 149.0, 111.0, 120.0, 174.0, 131.0, 156.0, 114.0, 115.0, 133.0, 196.0, 141.0, 74.0, 131.0, 169.0, 142.0, 111.0, 169.0, 200.0, 133.0, 200.0, 174.0, 157.0, 125.0, 129.0, 151.0, 143.0, 174.0, 146.0, 165.0, 200.0, 200.0, 200.0, 200.0, 200.0, 200.0, 176.0, 168.0, 134.0, 170.0, 200.0, 200.0, 200.0, 200.0, 200.0, 200.0, 159.0, 139.0, 156.0, 200.0, 157.0, 200.0, 200.0, 190.0, 134.0, 160.0, 165.0, 149.0, 200.0, 200.0, 128.0, 145.0, 103.0, 30.0, 90.0, 118.0, 108.0, 97.0, 119.0, 114.0, 137.0, 119.0, 123.0, 138.0, 200.0, 200.0, 200.0, 199.0, 200.0, 191.0, 194.0, 200.0, 181.0, 200.0, 139.0, 126.0, 135.0, 131.0, 162.0, 135.0, 117.0, 108.0, 92.0, 115.0, 134.0, 112.0, 166.0, 158.0]","[178, 139, 131, 149, 111, 120, 174, 131, 156, 114, 115, 133, 196, 141, 74, 131, 169, 142, 111, 169, 200, 133, 200, 174, 157, 125, 129, 151, 143, 174, 146, 165, 200, 200, 200, 200, 200, 200, 176, 168, 134, 170, 200, 200, 200, 200, 200, 200, 159, 139, 156, 200, 157, 200, 200, 190, 134, 160, 165, 149, 200, 200, 128, 145, 103, 30, 90, 118, 108, 97, 119, 114, 137, 119, 123, 138, 200, 200, 200, 199, 200, 191, 194, 200, 181, 200, 139, 126, 135, 131, 162, 135, 117, 108, 92, 115, 134, 112, 166, 158]",0.45450937075757275,0.28374345766304965,1.124141175834427,3.092,10348.082,6.796,22088,168736,21664,42,51.68571428571429,65.60000000000001,0.0005000000237487257,31.000315,2.7565289,38.393543,3.4628854
200.0,12.0,149.89,149.89,11,1,23092,False,310,23,e21f312a28f04f38af03f9b8316a21fc,2020-05-10_08-51-11,1589080871,5.039230823516846,151.62461686134338,27622,skbly7.local,192.168.1.5,151.62461686134338,0,23,00000,0,"[121.0, 109.0, 12.0, 91.0, 104.0, 14.0, 104.0, 100.0, 88.0, 110.0, 136.0, 111.0, 169.0, 200.0, 133.0, 200.0, 174.0, 157.0, 125.0, 129.0, 151.0, 143.0, 174.0, 146.0, 165.0, 200.0, 200.0, 200.0, 200.0, 200.0, 200.0, 176.0, 168.0, 134.0, 170.0, 200.0, 200.0, 200.0, 200.0, 200.0, 200.0, 159.0, 139.0, 156.0, 200.0, 157.0, 200.0, 200.0, 190.0, 134.0, 160.0, 165.0, 149.0, 200.0, 200.0, 128.0, 145.0, 103.0, 30.0, 90.0, 118.0, 108.0, 97.0, 119.0, 114.0, 137.0, 119.0, 123.0, 138.0, 200.0, 200.0, 200.0, 199.0, 200.0, 191.0, 194.0, 200.0, 181.0, 200.0, 139.0, 126.0, 135.0, 131.0, 162.0, 135.0, 117.0, 108.0, 92.0, 115.0, 134.0, 112.0, 166.0, 158.0, 178.0, 139.0, 131.0, 149.0, 111.0, 120.0, 174.0]","[121, 109, 12, 91, 104, 14, 104, 100, 88, 110, 136, 111, 169, 200, 133, 200, 174, 157, 125, 129, 151, 143, 174, 146, 165, 200, 200, 200, 200, 200, 200, 176, 168, 134, 170, 200, 200, 200, 200, 200, 200, 159, 139, 156, 200, 157, 200, 200, 190, 134, 160, 165, 149, 200, 200, 128, 145, 103, 30, 90, 118, 108, 97, 119, 114, 137, 119, 123, 138, 200, 200, 200, 199, 200, 191, 194, 200, 181, 200, 139, 126, 135, 131, 162, 135, 117, 108, 92, 115, 134, 112, 166, 158, 178, 139, 131, 149, 111, 120, 174]",0.434263040477122,0.2789042193515458,1.107589458380629,4.117,7773.483,7.439,23092,176768,22672,44,48.771428571428565,65.57142857142857,0.0005000000237487257,29.006668,-9.363665,39.323067,1.1463513
200.0,12.0,150.17,150.17,6,1,24096,False,316,24,e21f312a28f04f38af03f9b8316a21fc,2020-05-10_08-51-16,1589080876,5.0591630935668945,156.68377995491028,27622,skbly7.local,192.168.1.5,156.68377995491028,0,24,00000,0,"[103.0, 134.0, 181.0, 197.0, 200.0, 200.0, 157.0, 125.0, 129.0, 151.0, 143.0, 174.0, 146.0, 165.0, 200.0, 200.0, 200.0, 200.0, 200.0, 200.0, 176.0, 168.0, 134.0, 170.0, 200.0, 200.0, 200.0, 200.0, 200.0, 200.0, 159.0, 139.0, 156.0, 200.0, 157.0, 200.0, 200.0, 190.0, 134.0, 160.0, 165.0, 149.0, 200.0, 200.0, 128.0, 145.0, 103.0, 30.0, 90.0, 118.0, 108.0, 97.0, 119.0, 114.0, 137.0, 119.0, 123.0, 138.0, 200.0, 200.0, 200.0, 199.0, 200.0, 191.0, 194.0, 200.0, 181.0, 200.0, 139.0, 126.0, 135.0, 131.0, 162.0, 135.0, 117.0, 108.0, 92.0, 115.0, 134.0, 112.0, 166.0, 158.0, 178.0, 139.0, 131.0, 149.0, 111.0, 120.0, 174.0, 121.0, 109.0, 12.0, 91.0, 104.0, 14.0, 104.0, 100.0, 88.0, 110.0, 136.0]","[103, 134, 181, 197, 200, 200, 157, 125, 129, 151, 143, 174, 146, 165, 200, 200, 200, 200, 200, 200, 176, 168, 134, 170, 200, 200, 200, 200, 200, 200, 159, 139, 156, 200, 157, 200, 200, 190, 134, 160, 165, 149, 200, 200, 128, 145, 103, 30, 90, 118, 108, 97, 119, 114, 137, 119, 123, 138, 200, 200, 200, 199, 200, 191, 194, 200, 181, 200, 139, 126, 135, 131, 162, 135, 117, 108, 92, 115, 134, 112, 166, 158, 178, 139, 131, 149, 111, 120, 174, 121, 109, 12, 91, 104, 14, 104, 100, 88, 110, 136]",0.4247629648746468,0.27155759141829067,1.0967390516860873,3.229,9908.731,6.296,24096,184800,23680,46,50.175,65.8125,0.0005000000237487257,33.086983,3.9223537,40.10951,1.0987852
200.0,12.0,152.32,152.32,5,1,25100,False,321,25,e21f312a28f04f38af03f9b8316a21fc,2020-05-10_08-51-21,1589080881,5.174535036087036,161.85831499099731,27622,skbly7.local,192.168.1.5,161.85831499099731,0,25,00000,0,"[200.0, 200.0, 134.0, 200.0, 186.0, 174.0, 146.0, 165.0, 200.0, 200.0, 200.0, 200.0, 200.0, 200.0, 176.0, 168.0, 134.0, 170.0, 200.0, 200.0, 200.0, 200.0, 200.0, 200.0, 159.0, 139.0, 156.0, 200.0, 157.0, 200.0, 200.0, 190.0, 134.0, 160.0, 165.0, 149.0, 200.0, 200.0, 128.0, 145.0, 103.0, 30.0, 90.0, 118.0, 108.0, 97.0, 119.0, 114.0, 137.0, 119.0, 123.0, 138.0, 200.0, 200.0, 200.0, 199.0, 200.0, 191.0, 194.0, 200.0, 181.0, 200.0, 139.0, 126.0, 135.0, 131.0, 162.0, 135.0, 117.0, 108.0, 92.0, 115.0, 134.0, 112.0, 166.0, 158.0, 178.0, 139.0, 131.0, 149.0, 111.0, 120.0, 174.0, 121.0, 109.0, 12.0, 91.0, 104.0, 14.0, 104.0, 100.0, 88.0, 110.0, 136.0, 103.0, 134.0, 181.0, 197.0, 200.0, 200.0]","[200, 200, 134, 200, 186, 174, 146, 165, 200, 200, 200, 200, 200, 200, 176, 168, 134, 170, 200, 200, 200, 200, 200, 200, 159, 139, 156, 200, 157, 200, 200, 190, 134, 160, 165, 149, 200, 200, 128, 145, 103, 30, 90, 118, 108, 97, 119, 114, 137, 119, 123, 138, 200, 200, 200, 199, 200, 191, 194, 200, 181, 200, 139, 126, 135, 131, 162, 135, 117, 108, 92, 115, 134, 112, 166, 158, 178, 139, 131, 149, 111, 120, 174, 121, 109, 12, 91, 104, 14, 104, 100, 88, 110, 136, 103, 134, 181, 197, 200, 200]",0.40751750083574734,0.265717296308603,1.086921479579811,3.253,9837.557,7.021,25100,192832,24688,48,50.957142857142856,65.88571428571429,0.0005000000237487257,36.68317,11.920166,41.347088,1.4285387
200.0,12.0,150.71,150.71,7,1,26104,False,328,26,e21f312a28f04f38af03f9b8316a21fc,2020-05-10_08-51-26,1589080886,5.092625141143799,166.9509401321411,27622,skbly7.local,192.168.1.5,166.9509401321411,0,26,00000,0,"[200.0, 200.0, 135.0, 116.0, 111.0, 178.0, 184.0, 200.0, 200.0, 176.0, 168.0, 134.0, 170.0, 200.0, 200.0, 200.0, 200.0, 200.0, 200.0, 159.0, 139.0, 156.0, 200.0, 157.0, 200.0, 200.0, 190.0, 134.0, 160.0, 165.0, 149.0, 200.0, 200.0, 128.0, 145.0, 103.0, 30.0, 90.0, 118.0, 108.0, 97.0, 119.0, 114.0, 137.0, 119.0, 123.0, 138.0, 200.0, 200.0, 200.0, 199.0, 200.0, 191.0, 194.0, 200.0, 181.0, 200.0, 139.0, 126.0, 135.0, 131.0, 162.0, 135.0, 117.0, 108.0, 92.0, 115.0, 134.0, 112.0, 166.0, 158.0, 178.0, 139.0, 131.0, 149.0, 111.0, 120.0, 174.0, 121.0, 109.0, 12.0, 91.0, 104.0, 14.0, 104.0, 100.0, 88.0, 110.0, 136.0, 103.0, 134.0, 181.0, 197.0, 200.0, 200.0, 200.0, 200.0, 134.0, 200.0, 186.0]","[200, 200, 135, 116, 111, 178, 184, 200, 200, 176, 168, 134, 170, 200, 200, 200, 200, 200, 200, 159, 139, 156, 200, 157, 200, 200, 190, 134, 160, 165, 149, 200, 200, 128, 145, 103, 30, 90, 118, 108, 97, 119, 114, 137, 119, 123, 138, 200, 200, 200, 199, 200, 191, 194, 200, 181, 200, 139, 126, 135, 131, 162, 135, 117, 108, 92, 115, 134, 112, 166, 158, 178, 139, 131, 149, 111, 120, 174, 121, 109, 12, 91, 104, 14, 104, 100, 88, 110, 136, 103, 134, 181, 197, 200, 200, 200, 200, 134, 200, 186]",0.38587804539188497,0.2583686055878374,1.0743925144771374,3.039,10530.102,6.113,26104,200864,25696,50,51.18571428571429,66.2,0.0005000000237487257,38.530697,30.8944,42.800472,0.9567494
200.0,12.0,150.37,150.37,6,1,27108,False,334,27,e21f312a28f04f38af03f9b8316a21fc,2020-05-10_08-51-31,1589080891,5.049937963485718,172.00087809562683,27622,skbly7.local,192.168.1.5,172.00087809562683,0,27,00000,0,"[200.0, 200.0, 137.0, 145.0, 200.0, 132.0, 200.0, 200.0, 200.0, 200.0, 200.0, 200.0, 159.0, 139.0, 156.0, 200.0, 157.0, 200.0, 200.0, 190.0, 134.0, 160.0, 165.0, 149.0, 200.0, 200.0, 128.0, 145.0, 103.0, 30.0, 90.0, 118.0, 108.0, 97.0, 119.0, 114.0, 137.0, 119.0, 123.0, 138.0, 200.0, 200.0, 200.0, 199.0, 200.0, 191.0, 194.0, 200.0, 181.0, 200.0, 139.0, 126.0, 135.0, 131.0, 162.0, 135.0, 117.0, 108.0, 92.0, 115.0, 134.0, 112.0, 166.0, 158.0, 178.0, 139.0, 131.0, 149.0, 111.0, 120.0, 174.0, 121.0, 109.0, 12.0, 91.0, 104.0, 14.0, 104.0, 100.0, 88.0, 110.0, 136.0, 103.0, 134.0, 181.0, 197.0, 200.0, 200.0, 200.0, 200.0, 134.0, 200.0, 186.0, 200.0, 200.0, 135.0, 116.0, 111.0, 178.0, 184.0]","[200, 200, 137, 145, 200, 132, 200, 200, 200, 200, 200, 200, 159, 139, 156, 200, 157, 200, 200, 190, 134, 160, 165, 149, 200, 200, 128, 145, 103, 30, 90, 118, 108, 97, 119, 114, 137, 119, 123, 138, 200, 200, 200, 199, 200, 191, 194, 200, 181, 200, 139, 126, 135, 131, 162, 135, 117, 108, 92, 115, 134, 112, 166, 158, 178, 139, 131, 149, 111, 120, 174, 121, 109, 12, 91, 104, 14, 104, 100, 88, 110, 136, 103, 134, 181, 197, 200, 200, 200, 200, 134, 200, 186, 200, 200, 135, 116, 111, 178, 184]",0.37020848118797844,0.2529936017388076,1.0645146898011102,3.023,10586.247,7.315,27108,208896,26704,52,49.0125,66.275,0.0005000000237487257,36.514137,7.0432835,43.639725,2.9737635
200.0,12.0,149.26,149.26,5,1,28112,False,339,28,e21f312a28f04f38af03f9b8316a21fc,2020-05-10_08-51-37,1589080897,5.410377025604248,177.41125512123108,27622,skbly7.local,192.168.1.5,177.41125512123108,0,28,00000,0,"[200.0, 174.0, 200.0, 175.0, 140.0, 200.0, 159.0, 139.0, 156.0, 200.0, 157.0, 200.0, 200.0, 190.0, 134.0, 160.0, 165.0, 149.0, 200.0, 200.0, 128.0, 145.0, 103.0, 30.0, 90.0, 118.0, 108.0, 97.0, 119.0, 114.0, 137.0, 119.0, 123.0, 138.0, 200.0, 200.0, 200.0, 199.0, 200.0, 191.0, 194.0, 200.0, 181.0, 200.0, 139.0, 126.0, 135.0, 131.0, 162.0, 135.0, 117.0, 108.0, 92.0, 115.0, 134.0, 112.0, 166.0, 158.0, 178.0, 139.0, 131.0, 149.0, 111.0, 120.0, 174.0, 121.0, 109.0, 12.0, 91.0, 104.0, 14.0, 104.0, 100.0, 88.0, 110.0, 136.0, 103.0, 134.0, 181.0, 197.0, 200.0, 200.0, 200.0, 200.0, 134.0, 200.0, 186.0, 200.0, 200.0, 135.0, 116.0, 111.0, 178.0, 184.0, 200.0, 200.0, 137.0, 145.0, 200.0, 132.0]","[200, 174, 200, 175, 140, 200, 159, 139, 156, 200, 157, 200, 200, 190, 134, 160, 165, 149, 200, 200, 128, 145, 103, 30, 90, 118, 108, 97, 119, 114, 137, 119, 123, 138, 200, 200, 200, 199, 200, 191, 194, 200, 181, 200, 139, 126, 135, 131, 162, 135, 117, 108, 92, 115, 134, 112, 166, 158, 178, 139, 131, 149, 111, 120, 174, 121, 109, 12, 91, 104, 14, 104, 100, 88, 110, 136, 103, 134, 181, 197, 200, 200, 200, 200, 134, 200, 186, 200, 200, 135, 116, 111, 178, 184, 200, 200, 137, 145, 200, 132]",0.35864739221124353,0.24904804781761022,1.0574339013659029,4.672,6849.031,5.645,28112,216928,27712,54,59.08571428571429,66.64285714285715,0.0005000000237487257,39.20515,-0.1317966,45.034798,1.7007675
200.0,12.0,144.67,144.67,8,1,29116,False,347,29,e21f312a28f04f38af03f9b8316a21fc,2020-05-10_08-51-43,1589080903,6.637902021408081,184.04915714263916,27622,skbly7.local,192.168.1.5,184.04915714263916,0,29,00000,0,"[127.0, 111.0, 138.0, 82.0, 92.0, 108.0, 94.0, 200.0, 190.0, 134.0, 160.0, 165.0, 149.0, 200.0, 200.0, 128.0, 145.0, 103.0, 30.0, 90.0, 118.0, 108.0, 97.0, 119.0, 114.0, 137.0, 119.0, 123.0, 138.0, 200.0, 200.0, 200.0, 199.0, 200.0, 191.0, 194.0, 200.0, 181.0, 200.0, 139.0, 126.0, 135.0, 131.0, 162.0, 135.0, 117.0, 108.0, 92.0, 115.0, 134.0, 112.0, 166.0, 158.0, 178.0, 139.0, 131.0, 149.0, 111.0, 120.0, 174.0, 121.0, 109.0, 12.0, 91.0, 104.0, 14.0, 104.0, 100.0, 88.0, 110.0, 136.0, 103.0, 134.0, 181.0, 197.0, 200.0, 200.0, 200.0, 200.0, 134.0, 200.0, 186.0, 200.0, 200.0, 135.0, 116.0, 111.0, 178.0, 184.0, 200.0, 200.0, 137.0, 145.0, 200.0, 132.0, 200.0, 174.0, 200.0, 175.0, 140.0]","[127, 111, 138, 82, 92, 108, 94, 200, 190, 134, 160, 165, 149, 200, 200, 128, 145, 103, 30, 90, 118, 108, 97, 119, 114, 137, 119, 123, 138, 200, 200, 200, 199, 200, 191, 194, 200, 181, 200, 139, 126, 135, 131, 162, 135, 117, 108, 92, 115, 134, 112, 166, 158, 178, 139, 131, 149, 111, 120, 174, 121, 109, 12, 91, 104, 14, 104, 100, 88, 110, 136, 103, 134, 181, 197, 200, 200, 200, 200, 134, 200, 186, 200, 200, 135, 116, 111, 178, 184, 200, 200, 137, 145, 200, 132, 200, 174, 200, 175, 140]",0.34454510869597216,0.24497851171901716,1.0479466060991578,3.636,8799.778,6.709,29116,224960,28720,56,64.36,68.07000000000001,0.0005000000237487257,42.12217,13.362522,46.25396,0.0033645034
200.0,12.0,141.23,141.23,9,1,30120,False,356,30,e21f312a28f04f38af03f9b8316a21fc,2020-05-10_08-51-49,1589080909,5.109388113021851,189.158545255661,27622,skbly7.local,192.168.1.5,189.158545255661,0,30,00000,0,"[200.0, 200.0, 102.0, 102.0, 113.0, 106.0, 107.0, 95.0, 102.0, 103.0, 30.0, 90.0, 118.0, 108.0, 97.0, 119.0, 114.0, 137.0, 119.0, 123.0, 138.0, 200.0, 200.0, 200.0, 199.0, 200.0, 191.0, 194.0, 200.0, 181.0, 200.0, 139.0, 126.0, 135.0, 131.0, 162.0, 135.0, 117.0, 108.0, 92.0, 115.0, 134.0, 112.0, 166.0, 158.0, 178.0, 139.0, 131.0, 149.0, 111.0, 120.0, 174.0, 121.0, 109.0, 12.0, 91.0, 104.0, 14.0, 104.0, 100.0, 88.0, 110.0, 136.0, 103.0, 134.0, 181.0, 197.0, 200.0, 200.0, 200.0, 200.0, 134.0, 200.0, 186.0, 200.0, 200.0, 135.0, 116.0, 111.0, 178.0, 184.0, 200.0, 200.0, 137.0, 145.0, 200.0, 132.0, 200.0, 174.0, 200.0, 175.0, 140.0, 127.0, 111.0, 138.0, 82.0, 92.0, 108.0, 94.0, 200.0]","[200, 200, 102, 102, 113, 106, 107, 95, 102, 103, 30, 90, 118, 108, 97, 119, 114, 137, 119, 123, 138, 200, 200, 200, 199, 200, 191, 194, 200, 181, 200, 139, 126, 135, 131, 162, 135, 117, 108, 92, 115, 134, 112, 166, 158, 178, 139, 131, 149, 111, 120, 174, 121, 109, 12, 91, 104, 14, 104, 100, 88, 110, 136, 103, 134, 181, 197, 200, 200, 200, 200, 134, 200, 186, 200, 200, 135, 116, 111, 178, 184, 200, 200, 137, 145, 200, 132, 200, 174, 200, 175, 140, 127, 111, 138, 82, 92, 108, 94, 200]",0.3309539297618769,0.24110151920665332,1.0383995096114118,3.315,9653.451,7.239,30120,232992,29728,58,52.25714285714286,66.97142857142858,0.0005000000237487257,40.787235,7.6041183,47.39068,4.283345
200.0,12.0,141.84,141.84,9,1,31124,False,365,31,e21f312a28f04f38af03f9b8316a21fc,2020-05-10_08-51-54,1589080914,5.123022079467773,194.28156733512878,27622,skbly7.local,192.168.1.5,194.28156733512878,0,31,00000,0,"[103.0, 103.0, 120.0, 115.0, 102.0, 114.0, 108.0, 95.0, 117.0, 119.0, 123.0, 138.0, 200.0, 200.0, 200.0, 199.0, 200.0, 191.0, 194.0, 200.0, 181.0, 200.0, 139.0, 126.0, 135.0, 131.0, 162.0, 135.0, 117.0, 108.0, 92.0, 115.0, 134.0, 112.0, 166.0, 158.0, 178.0, 139.0, 131.0, 149.0, 111.0, 120.0, 174.0, 121.0, 109.0, 12.0, 91.0, 104.0, 14.0, 104.0, 100.0, 88.0, 110.0, 136.0, 103.0, 134.0, 181.0, 197.0, 200.0, 200.0, 200.0, 200.0, 134.0, 200.0, 186.0, 200.0, 200.0, 135.0, 116.0, 111.0, 178.0, 184.0, 200.0, 200.0, 137.0, 145.0, 200.0, 132.0, 200.0, 174.0, 200.0, 175.0, 140.0, 127.0, 111.0, 138.0, 82.0, 92.0, 108.0, 94.0, 200.0, 200.0, 200.0, 102.0, 102.0, 113.0, 106.0, 107.0, 95.0, 102.0]","[103, 103, 120, 115, 102, 114, 108, 95, 117, 119, 123, 138, 200, 200, 200, 199, 200, 191, 194, 200, 181, 200, 139, 126, 135, 131, 162, 135, 117, 108, 92, 115, 134, 112, 166, 158, 178, 139, 131, 149, 111, 120, 174, 121, 109, 12, 91, 104, 14, 104, 100, 88, 110, 136, 103, 134, 181, 197, 200, 200, 200, 200, 134, 200, 186, 200, 200, 135, 116, 111, 178, 184, 200, 200, 137, 145, 200, 132, 200, 174, 200, 175, 140, 127, 111, 138, 82, 92, 108, 94, 200, 200, 200, 102, 102, 113, 106, 107, 95, 102]",0.31905456071843064,0.2375713166229011,1.0284104726243644,3.09,10357.505,7.45,31124,241024,30736,60,50.1875,67.0,0.0005000000237487257,41.927956,15.553452,48.306942,3.139732
200.0,12.0,141.27,141.27,6,1,32128,False,371,32,e21f312a28f04f38af03f9b8316a21fc,2020-05-10_08-51-59,1589080919,5.143718957901001,199.42528629302979,27622,skbly7.local,192.168.1.5,199.42528629302979,0,32,00000,0,"[113.0, 116.0, 159.0, 148.0, 187.0, 200.0, 199.0, 200.0, 191.0, 194.0, 200.0, 181.0, 200.0, 139.0, 126.0, 135.0, 131.0, 162.0, 135.0, 117.0, 108.0, 92.0, 115.0, 134.0, 112.0, 166.0, 158.0, 178.0, 139.0, 131.0, 149.0, 111.0, 120.0, 174.0, 121.0, 109.0, 12.0, 91.0, 104.0, 14.0, 104.0, 100.0, 88.0, 110.0, 136.0, 103.0, 134.0, 181.0, 197.0, 200.0, 200.0, 200.0, 200.0, 134.0, 200.0, 186.0, 200.0, 200.0, 135.0, 116.0, 111.0, 178.0, 184.0, 200.0, 200.0, 137.0, 145.0, 200.0, 132.0, 200.0, 174.0, 200.0, 175.0, 140.0, 127.0, 111.0, 138.0, 82.0, 92.0, 108.0, 94.0, 200.0, 200.0, 200.0, 102.0, 102.0, 113.0, 106.0, 107.0, 95.0, 102.0, 103.0, 103.0, 120.0, 115.0, 102.0, 114.0, 108.0, 95.0, 117.0]","[113, 116, 159, 148, 187, 200, 199, 200, 191, 194, 200, 181, 200, 139, 126, 135, 131, 162, 135, 117, 108, 92, 115, 134, 112, 166, 158, 178, 139, 131, 149, 111, 120, 174, 121, 109, 12, 91, 104, 14, 104, 100, 88, 110, 136, 103, 134, 181, 197, 200, 200, 200, 200, 134, 200, 186, 200, 200, 135, 116, 111, 178, 184, 200, 200, 137, 145, 200, 132, 200, 174, 200, 175, 140, 127, 111, 138, 82, 92, 108, 94, 200, 200, 200, 102, 102, 113, 106, 107, 95, 102, 103, 103, 120, 115, 102, 114, 108, 95, 117]",0.3117250686878455,0.23529640623757533,1.0211899060221432,3.752,8528.041,7.137,32128,249056,31744,62,50.58571428571428,66.85714285714285,0.0005000000237487257,43.244698,18.377022,50.768154,4.4825225
200.0,12.0,139.92,139.92,6,1,33132,False,377,33,e21f312a28f04f38af03f9b8316a21fc,2020-05-10_08-52-04,1589080924,5.128355979919434,204.55364227294922,27622,skbly7.local,192.168.1.5,204.55364227294922,0,33,00000,0,"[200.0, 200.0, 165.0, 109.0, 156.0, 200.0, 200.0, 139.0, 126.0, 135.0, 131.0, 162.0, 135.0, 117.0, 108.0, 92.0, 115.0, 134.0, 112.0, 166.0, 158.0, 178.0, 139.0, 131.0, 149.0, 111.0, 120.0, 174.0, 121.0, 109.0, 12.0, 91.0, 104.0, 14.0, 104.0, 100.0, 88.0, 110.0, 136.0, 103.0, 134.0, 181.0, 197.0, 200.0, 200.0, 200.0, 200.0, 134.0, 200.0, 186.0, 200.0, 200.0, 135.0, 116.0, 111.0, 178.0, 184.0, 200.0, 200.0, 137.0, 145.0, 200.0, 132.0, 200.0, 174.0, 200.0, 175.0, 140.0, 127.0, 111.0, 138.0, 82.0, 92.0, 108.0, 94.0, 200.0, 200.0, 200.0, 102.0, 102.0, 113.0, 106.0, 107.0, 95.0, 102.0, 103.0, 103.0, 120.0, 115.0, 102.0, 114.0, 108.0, 95.0, 117.0, 113.0, 116.0, 159.0, 148.0, 187.0, 200.0]","[200, 200, 165, 109, 156, 200, 200, 139, 126, 135, 131, 162, 135, 117, 108, 92, 115, 134, 112, 166, 158, 178, 139, 131, 149, 111, 120, 174, 121, 109, 12, 91, 104, 14, 104, 100, 88, 110, 136, 103, 134, 181, 197, 200, 200, 200, 200, 134, 200, 186, 200, 200, 135, 116, 111, 178, 184, 200, 200, 137, 145, 200, 132, 200, 174, 200, 175, 140, 127, 111, 138, 82, 92, 108, 94, 200, 200, 200, 102, 102, 113, 106, 107, 95, 102, 103, 103, 120, 115, 102, 114, 108, 95, 117, 113, 116, 159, 148, 187, 200]",0.30505925563325675,0.23325038045506932,1.0144529491634415,3.11,10289.693,6.793,33132,257088,32752,64,44.54285714285714,67.14285714285714,0.0005000000237487257,45.66975,0.86276007,51.472965,0.5973724
200.0,12.0,142.61,142.61,5,1,34136,False,382,34,e21f312a28f04f38af03f9b8316a21fc,2020-05-10_08-52-09,1589080929,5.138253211975098,209.69189548492432,27622,skbly7.local,192.168.1.5,209.69189548492432,0,34,00000,0,"[200.0, 200.0, 200.0, 200.0, 200.0, 162.0, 135.0, 117.0, 108.0, 92.0, 115.0, 134.0, 112.0, 166.0, 158.0, 178.0, 139.0, 131.0, 149.0, 111.0, 120.0, 174.0, 121.0, 109.0, 12.0, 91.0, 104.0, 14.0, 104.0, 100.0, 88.0, 110.0, 136.0, 103.0, 134.0, 181.0, 197.0, 200.0, 200.0, 200.0, 200.0, 134.0, 200.0, 186.0, 200.0, 200.0, 135.0, 116.0, 111.0, 178.0, 184.0, 200.0, 200.0, 137.0, 145.0, 200.0, 132.0, 200.0, 174.0, 200.0, 175.0, 140.0, 127.0, 111.0, 138.0, 82.0, 92.0, 108.0, 94.0, 200.0, 200.0, 200.0, 102.0, 102.0, 113.0, 106.0, 107.0, 95.0, 102.0, 103.0, 103.0, 120.0, 115.0, 102.0, 114.0, 108.0, 95.0, 117.0, 113.0, 116.0, 159.0, 148.0, 187.0, 200.0, 200.0, 200.0, 165.0, 109.0, 156.0, 200.0]","[200, 200, 200, 200, 200, 162, 135, 117, 108, 92, 115, 134, 112, 166, 158, 178, 139, 131, 149, 111, 120, 174, 121, 109, 12, 91, 104, 14, 104, 100, 88, 110, 136, 103, 134, 181, 197, 200, 200, 200, 200, 134, 200, 186, 200, 200, 135, 116, 111, 178, 184, 200, 200, 137, 145, 200, 132, 200, 174, 200, 175, 140, 127, 111, 138, 82, 92, 108, 94, 200, 200, 200, 102, 102, 113, 106, 107, 95, 102, 103, 103, 120, 115, 102, 114, 108, 95, 117, 113, 116, 159, 148, 187, 200, 200, 200, 165, 109, 156, 200]",0.3001314829488031,0.23178028818711838,1.0094805991611242,3.236,9888.655,7.09,34136,265120,33760,66,47.25,67.26249999999999,0.0005000000237487257,39.623062,-4.5316706,52.504436,4.545453
200.0,12.0,144.59,144.59,7,1,35140,True,389,35,e21f312a28f04f38af03f9b8316a21fc,2020-05-10_08-52-14,1589080934,5.078179121017456,214.77007460594177,27622,skbly7.local,192.168.1.5,214.77007460594177,0,35,00000,0,"[200.0, 120.0, 170.0, 140.0, 99.0, 200.0, 132.0, 112.0, 166.0, 158.0, 178.0, 139.0, 131.0, 149.0, 111.0, 120.0, 174.0, 121.0, 109.0, 12.0, 91.0, 104.0, 14.0, 104.0, 100.0, 88.0, 110.0, 136.0, 103.0, 134.0, 181.0, 197.0, 200.0, 200.0, 200.0, 200.0, 134.0, 200.0, 186.0, 200.0, 200.0, 135.0, 116.0, 111.0, 178.0, 184.0, 200.0, 200.0, 137.0, 145.0, 200.0, 132.0, 200.0, 174.0, 200.0, 175.0, 140.0, 127.0, 111.0, 138.0, 82.0, 92.0, 108.0, 94.0, 200.0, 200.0, 200.0, 102.0, 102.0, 113.0, 106.0, 107.0, 95.0, 102.0, 103.0, 103.0, 120.0, 115.0, 102.0, 114.0, 108.0, 95.0, 117.0, 113.0, 116.0, 159.0, 148.0, 187.0, 200.0, 200.0, 200.0, 165.0, 109.0, 156.0, 200.0, 200.0, 200.0, 200.0, 200.0, 200.0]","[200, 120, 170, 140, 99, 200, 132, 112, 166, 158, 178, 139, 131, 149, 111, 120, 174, 121, 109, 12, 91, 104, 14, 104, 100, 88, 110, 136, 103, 134, 181, 197, 200, 200, 200, 200, 134, 200, 186, 200, 200, 135, 116, 111, 178, 184, 200, 200, 137, 145, 200, 132, 200, 174, 200, 175, 140, 127, 111, 138, 82, 92, 108, 94, 200, 200, 200, 102, 102, 113, 106, 107, 95, 102, 103, 103, 120, 115, 102, 114, 108, 95, 117, 113, 116, 159, 148, 187, 200, 200, 200, 165, 109, 156, 200, 200, 200, 200, 200, 200]",0.29354085401766594,0.22981750587524108,1.0028067028366983,3.912,8180.018,6.384,35140,273152,34768,68,50.07142857142857,67.12857142857142,0.0005000000237487257,47.781616,4.943822,53.47988,0.8050817
