episode_reward_max,episode_reward_min,episode_reward_mean,episode_len_mean,episodes_this_iter,optimizer_steps_this_iter,timesteps_this_iter,done,timesteps_total,episodes_total,training_iteration,experiment_id,date,timestamp,time_this_iter_s,time_total_s,pid,hostname,node_ip,time_since_restore,timesteps_since_restore,iterations_since_restore,num_healthy_workers,trial_id,experiment_tag,hist_stats/episode_reward,hist_stats/episode_lengths,sampler_perf/mean_env_wait_ms,sampler_perf/mean_processing_ms,sampler_perf/mean_inference_ms,info/num_steps_trained,info/num_steps_sampled,info/sample_time_ms,info/load_time_ms,info/grad_time_ms,info/update_time_ms,perf/cpu_util_percent,perf/ram_util_percent,info/learner/default_policy/cur_kl_coeff,info/learner/default_policy/cur_lr,info/learner/default_policy/total_loss,info/learner/default_policy/policy_loss,info/learner/default_policy/vf_loss,info/learner/default_policy/vf_explained_var,info/learner/default_policy/kl,info/learner/default_policy/entropy,info/learner/default_policy/entropy_coeff
88.0,8.0,23.957575757575757,23.957575757575757,165,1,4000,False,4000,165,1,a611e2d290114e518ada37a42429855c,2020-05-10_09-10-52,1589082052,15.34977102279663,15.34977102279663,29134,skbly7.local,192.168.1.5,15.34977102279663,4000,1,1,00000,0,"[49.0, 14.0, 23.0, 18.0, 19.0, 14.0, 25.0, 9.0, 27.0, 12.0, 18.0, 9.0, 16.0, 43.0, 19.0, 33.0, 24.0, 16.0, 20.0, 10.0, 15.0, 22.0, 15.0, 16.0, 21.0, 20.0, 17.0, 24.0, 30.0, 18.0, 13.0, 34.0, 32.0, 18.0, 29.0, 26.0, 33.0, 15.0, 19.0, 29.0, 14.0, 12.0, 48.0, 15.0, 59.0, 11.0, 18.0, 12.0, 46.0, 16.0, 10.0, 19.0, 30.0, 42.0, 22.0, 11.0, 15.0, 88.0, 62.0, 43.0, 29.0, 11.0, 21.0, 15.0, 9.0, 35.0, 24.0, 20.0, 11.0, 21.0, 18.0, 30.0, 17.0, 16.0, 10.0, 35.0, 28.0, 17.0, 47.0, 23.0, 15.0, 24.0, 29.0, 59.0, 14.0, 18.0, 16.0, 16.0, 18.0, 17.0, 38.0, 31.0, 12.0, 16.0, 39.0, 10.0, 60.0, 34.0, 15.0, 14.0, 13.0, 8.0, 26.0, 16.0, 15.0, 13.0, 13.0, 54.0, 25.0, 37.0, 16.0, 11.0, 33.0, 53.0, 14.0, 24.0, 14.0, 24.0, 19.0, 56.0, 13.0, 11.0, 30.0, 37.0, 14.0, 12.0, 16.0, 29.0, 18.0, 27.0, 25.0, 46.0, 28.0, 17.0, 35.0, 41.0, 14.0, 27.0, 26.0, 25.0, 11.0, 25.0, 29.0, 38.0, 10.0, 31.0, 16.0, 17.0, 23.0, 33.0, 14.0, 39.0, 16.0, 23.0, 19.0, 17.0, 21.0, 31.0, 45.0, 12.0, 14.0, 11.0, 37.0, 48.0, 9.0]","[49, 14, 23, 18, 19, 14, 25, 9, 27, 12, 18, 9, 16, 43, 19, 33, 24, 16, 20, 10, 15, 22, 15, 16, 21, 20, 17, 24, 30, 18, 13, 34, 32, 18, 29, 26, 33, 15, 19, 29, 14, 12, 48, 15, 59, 11, 18, 12, 46, 16, 10, 19, 30, 42, 22, 11, 15, 88, 62, 43, 29, 11, 21, 15, 9, 35, 24, 20, 11, 21, 18, 30, 17, 16, 10, 35, 28, 17, 47, 23, 15, 24, 29, 59, 14, 18, 16, 16, 18, 17, 38, 31, 12, 16, 39, 10, 60, 34, 15, 14, 13, 8, 26, 16, 15, 13, 13, 54, 25, 37, 16, 11, 33, 53, 14, 24, 14, 24, 19, 56, 13, 11, 30, 37, 14, 12, 16, 29, 18, 27, 25, 46, 28, 17, 35, 41, 14, 27, 26, 25, 11, 25, 29, 38, 10, 31, 16, 17, 23, 33, 14, 39, 16, 23, 19, 17, 21, 31, 45, 12, 14, 11, 37, 48, 9]",1.0545340158795748,0.2819339325057956,0.6862133033750535,3968,4000,11858.682,63.535,2804.126,568.656,54.11304347826086,67.18695652173912,0.20000000298023224,4.999999873689376e-05,109.16531,-0.04062789,109.200096,0.088980645,0.029267058,0.66459996,0.0
126.0,9.0,40.88,40.88,98,1,4000,False,8000,263,2,a611e2d290114e518ada37a42429855c,2020-05-10_09-10-59,1589082059,7.419451713562012,22.769222736358643,29134,skbly7.local,192.168.1.5,22.769222736358643,8000,2,1,00000,0,"[57.0, 22.0, 14.0, 11.0, 76.0, 64.0, 32.0, 34.0, 78.0, 17.0, 16.0, 39.0, 17.0, 32.0, 41.0, 19.0, 17.0, 27.0, 19.0, 13.0, 45.0, 30.0, 46.0, 42.0, 51.0, 11.0, 47.0, 28.0, 24.0, 19.0, 50.0, 18.0, 12.0, 84.0, 60.0, 20.0, 58.0, 29.0, 30.0, 111.0, 58.0, 14.0, 43.0, 14.0, 58.0, 74.0, 17.0, 59.0, 61.0, 18.0, 72.0, 80.0, 20.0, 29.0, 66.0, 13.0, 38.0, 76.0, 22.0, 13.0, 126.0, 49.0, 20.0, 58.0, 28.0, 103.0, 59.0, 40.0, 23.0, 89.0, 60.0, 13.0, 18.0, 25.0, 14.0, 68.0, 19.0, 54.0, 26.0, 76.0, 51.0, 31.0, 10.0, 24.0, 98.0, 28.0, 14.0, 16.0, 31.0, 44.0, 51.0, 13.0, 13.0, 60.0, 124.0, 15.0, 21.0, 114.0, 48.0, 9.0]","[57, 22, 14, 11, 76, 64, 32, 34, 78, 17, 16, 39, 17, 32, 41, 19, 17, 27, 19, 13, 45, 30, 46, 42, 51, 11, 47, 28, 24, 19, 50, 18, 12, 84, 60, 20, 58, 29, 30, 111, 58, 14, 43, 14, 58, 74, 17, 59, 61, 18, 72, 80, 20, 29, 66, 13, 38, 76, 22, 13, 126, 49, 20, 58, 28, 103, 59, 40, 23, 89, 60, 13, 18, 25, 14, 68, 19, 54, 26, 76, 51, 31, 10, 24, 98, 28, 14, 16, 31, 44, 51, 13, 13, 60, 124, 15, 21, 114, 48, 9]",0.7187592197836817,0.22203863239716184,0.6971875387362679,7936,8000,8429.664,32.354,2606.582,286.519,55.98,66.55000000000001,0.30000001192092896,4.999999873689376e-05,209.81181,-0.036930654,209.84244,0.19649935,0.020967765,0.61406606,0.0
264.0,10.0,67.72,67.72,37,1,4000,False,12000,300,3,a611e2d290114e518ada37a42429855c,2020-05-10_09-11-05,1589082065,5.837158918380737,28.60638165473938,29134,skbly7.local,192.168.1.5,28.60638165473938,12000,3,1,00000,0,"[26.0, 160.0, 111.0, 180.0, 168.0, 53.0, 161.0, 141.0, 12.0, 183.0, 215.0, 68.0, 39.0, 69.0, 48.0, 75.0, 73.0, 192.0, 162.0, 20.0, 133.0, 25.0, 77.0, 89.0, 83.0, 130.0, 73.0, 184.0, 77.0, 26.0, 115.0, 125.0, 264.0, 47.0, 83.0, 156.0, 110.0, 20.0, 58.0, 29.0, 30.0, 111.0, 58.0, 14.0, 43.0, 14.0, 58.0, 74.0, 17.0, 59.0, 61.0, 18.0, 72.0, 80.0, 20.0, 29.0, 66.0, 13.0, 38.0, 76.0, 22.0, 13.0, 126.0, 49.0, 20.0, 58.0, 28.0, 103.0, 59.0, 40.0, 23.0, 89.0, 60.0, 13.0, 18.0, 25.0, 14.0, 68.0, 19.0, 54.0, 26.0, 76.0, 51.0, 31.0, 10.0, 24.0, 98.0, 28.0, 14.0, 16.0, 31.0, 44.0, 51.0, 13.0, 13.0, 60.0, 124.0, 15.0, 21.0, 114.0]","[26, 160, 111, 180, 168, 53, 161, 141, 12, 183, 215, 68, 39, 69, 48, 75, 73, 192, 162, 20, 133, 25, 77, 89, 83, 130, 73, 184, 77, 26, 115, 125, 264, 47, 83, 156, 110, 20, 58, 29, 30, 111, 58, 14, 43, 14, 58, 74, 17, 59, 61, 18, 72, 80, 20, 29, 66, 13, 38, 76, 22, 13, 126, 49, 20, 58, 28, 103, 59, 40, 23, 89, 60, 13, 18, 25, 14, 68, 19, 54, 26, 76, 51, 31, 10, 24, 98, 28, 14, 16, 31, 44, 51, 13, 13, 60, 124, 15, 21, 114]",0.6309526007927624,0.20849981565572898,0.6923489537620415,11904,12000,6768.113,21.953,2532.294,192.339,57.14444444444444,66.43333333333334,0.44999998807907104,4.999999873689376e-05,547.4379,-0.01755285,547.4508,0.12854677,0.010389955,0.5756086,0.0
500.0,10.0,101.54,101.54,13,1,4000,False,16000,313,4,a611e2d290114e518ada37a42429855c,2020-05-10_09-11-12,1589082072,6.288301944732666,34.894683599472046,29134,skbly7.local,192.168.1.5,34.894683599472046,16000,4,1,00000,0,"[93.0, 311.0, 247.0, 286.0, 331.0, 371.0, 500.0, 336.0, 160.0, 500.0, 413.0, 120.0, 299.0, 61.0, 18.0, 72.0, 80.0, 20.0, 29.0, 66.0, 13.0, 38.0, 76.0, 22.0, 13.0, 126.0, 49.0, 20.0, 58.0, 28.0, 103.0, 59.0, 40.0, 23.0, 89.0, 60.0, 13.0, 18.0, 25.0, 14.0, 68.0, 19.0, 54.0, 26.0, 76.0, 51.0, 31.0, 10.0, 24.0, 98.0, 28.0, 14.0, 16.0, 31.0, 44.0, 51.0, 13.0, 13.0, 60.0, 124.0, 15.0, 21.0, 114.0, 26.0, 160.0, 111.0, 180.0, 168.0, 53.0, 161.0, 141.0, 12.0, 183.0, 215.0, 68.0, 39.0, 69.0, 48.0, 75.0, 73.0, 192.0, 162.0, 20.0, 133.0, 25.0, 77.0, 89.0, 83.0, 130.0, 73.0, 184.0, 77.0, 26.0, 115.0, 125.0, 264.0, 47.0, 83.0, 156.0, 110.0]","[93, 311, 247, 286, 331, 371, 500, 336, 160, 500, 413, 120, 299, 61, 18, 72, 80, 20, 29, 66, 13, 38, 76, 22, 13, 126, 49, 20, 58, 28, 103, 59, 40, 23, 89, 60, 13, 18, 25, 14, 68, 19, 54, 26, 76, 51, 31, 10, 24, 98, 28, 14, 16, 31, 44, 51, 13, 13, 60, 124, 15, 21, 114, 26, 160, 111, 180, 168, 53, 161, 141, 12, 183, 215, 68, 39, 69, 48, 75, 73, 192, 162, 20, 133, 25, 77, 89, 83, 130, 73, 184, 77, 26, 115, 125, 264, 47, 83, 156, 110]",0.5885002545861011,0.20230276535982938,0.6922519321107663,15872,16000,6015.473,16.768,2529.921,145.144,60.64444444444444,66.93333333333334,0.44999998807907104,4.999999873689376e-05,950.7994,-0.014725936,950.8104,0.23173028,0.008577448,0.57488406,0.0
500.0,10.0,135.85,135.85,11,1,4000,False,20000,324,5,a611e2d290114e518ada37a42429855c,2020-05-10_09-11-17,1589082077,5.553650856018066,40.44833445549011,29134,skbly7.local,192.168.1.5,40.44833445549011,20000,5,1,00000,0,"[281.0, 268.0, 245.0, 500.0, 500.0, 127.0, 500.0, 500.0, 220.0, 500.0, 285.0, 13.0, 126.0, 49.0, 20.0, 58.0, 28.0, 103.0, 59.0, 40.0, 23.0, 89.0, 60.0, 13.0, 18.0, 25.0, 14.0, 68.0, 19.0, 54.0, 26.0, 76.0, 51.0, 31.0, 10.0, 24.0, 98.0, 28.0, 14.0, 16.0, 31.0, 44.0, 51.0, 13.0, 13.0, 60.0, 124.0, 15.0, 21.0, 114.0, 26.0, 160.0, 111.0, 180.0, 168.0, 53.0, 161.0, 141.0, 12.0, 183.0, 215.0, 68.0, 39.0, 69.0, 48.0, 75.0, 73.0, 192.0, 162.0, 20.0, 133.0, 25.0, 77.0, 89.0, 83.0, 130.0, 73.0, 184.0, 77.0, 26.0, 115.0, 125.0, 264.0, 47.0, 83.0, 156.0, 110.0, 93.0, 311.0, 247.0, 286.0, 331.0, 371.0, 500.0, 336.0, 160.0, 500.0, 413.0, 120.0, 299.0]","[281, 268, 245, 500, 500, 127, 500, 500, 220, 500, 285, 13, 126, 49, 20, 58, 28, 103, 59, 40, 23, 89, 60, 13, 18, 25, 14, 68, 19, 54, 26, 76, 51, 31, 10, 24, 98, 28, 14, 16, 31, 44, 51, 13, 13, 60, 124, 15, 21, 114, 26, 160, 111, 180, 168, 53, 161, 141, 12, 183, 215, 68, 39, 69, 48, 75, 73, 192, 162, 20, 133, 25, 77, 89, 83, 130, 73, 184, 77, 26, 115, 125, 264, 47, 83, 156, 110, 93, 311, 247, 286, 331, 371, 500, 336, 160, 500, 413, 120, 299]",0.5452540840633157,0.19572508551042553,0.6908745183373282,19840,20000,5463.068,13.658,2482.553,116.705,47.91428571428572,67.28571428571429,0.44999998807907104,4.999999873689376e-05,672.2718,-0.0034782076,672.27423,0.20565332,0.00248318,0.55832994,0.0
500.0,10.0,171.41,171.41,11,1,4000,False,24000,335,6,a611e2d290114e518ada37a42429855c,2020-05-10_09-11-23,1589082083,6.120850324630737,46.56918478012085,29134,skbly7.local,192.168.1.5,46.56918478012085,24000,6,1,00000,0,"[500.0, 165.0, 129.0, 500.0, 500.0, 101.0, 500.0, 500.0, 500.0, 314.0, 455.0, 60.0, 13.0, 18.0, 25.0, 14.0, 68.0, 19.0, 54.0, 26.0, 76.0, 51.0, 31.0, 10.0, 24.0, 98.0, 28.0, 14.0, 16.0, 31.0, 44.0, 51.0, 13.0, 13.0, 60.0, 124.0, 15.0, 21.0, 114.0, 26.0, 160.0, 111.0, 180.0, 168.0, 53.0, 161.0, 141.0, 12.0, 183.0, 215.0, 68.0, 39.0, 69.0, 48.0, 75.0, 73.0, 192.0, 162.0, 20.0, 133.0, 25.0, 77.0, 89.0, 83.0, 130.0, 73.0, 184.0, 77.0, 26.0, 115.0, 125.0, 264.0, 47.0, 83.0, 156.0, 110.0, 93.0, 311.0, 247.0, 286.0, 331.0, 371.0, 500.0, 336.0, 160.0, 500.0, 413.0, 120.0, 299.0, 281.0, 268.0, 245.0, 500.0, 500.0, 127.0, 500.0, 500.0, 220.0, 500.0, 285.0]","[500, 165, 129, 500, 500, 101, 500, 500, 500, 314, 455, 60, 13, 18, 25, 14, 68, 19, 54, 26, 76, 51, 31, 10, 24, 98, 28, 14, 16, 31, 44, 51, 13, 13, 60, 124, 15, 21, 114, 26, 160, 111, 180, 168, 53, 161, 141, 12, 183, 215, 68, 39, 69, 48, 75, 73, 192, 162, 20, 133, 25, 77, 89, 83, 130, 73, 184, 77, 26, 115, 125, 264, 47, 83, 156, 110, 93, 311, 247, 286, 331, 371, 500, 336, 160, 500, 413, 120, 299, 281, 268, 245, 500, 500, 127, 500, 500, 220, 500, 285]",0.4972088307672125,0.18841536049150395,0.6897655933469996,23808,24000,5145.35,11.586,2494.858,97.764,57.55555555555556,67.9,0.22499999403953552,4.999999873689376e-05,485.25305,-0.003537508,485.25623,0.13900056,0.0019935537,0.5457264,0.0
500.0,10.0,206.74,206.74,9,1,4000,False,28000,344,7,a611e2d290114e518ada37a42429855c,2020-05-10_09-11-38,1589082098,14.30502200126648,60.87420678138733,29134,skbly7.local,192.168.1.5,60.87420678138733,28000,7,1,00000,0,"[470.0, 386.0, 500.0, 500.0, 438.0, 424.0, 305.0, 307.0, 500.0, 76.0, 51.0, 31.0, 10.0, 24.0, 98.0, 28.0, 14.0, 16.0, 31.0, 44.0, 51.0, 13.0, 13.0, 60.0, 124.0, 15.0, 21.0, 114.0, 26.0, 160.0, 111.0, 180.0, 168.0, 53.0, 161.0, 141.0, 12.0, 183.0, 215.0, 68.0, 39.0, 69.0, 48.0, 75.0, 73.0, 192.0, 162.0, 20.0, 133.0, 25.0, 77.0, 89.0, 83.0, 130.0, 73.0, 184.0, 77.0, 26.0, 115.0, 125.0, 264.0, 47.0, 83.0, 156.0, 110.0, 93.0, 311.0, 247.0, 286.0, 331.0, 371.0, 500.0, 336.0, 160.0, 500.0, 413.0, 120.0, 299.0, 281.0, 268.0, 245.0, 500.0, 500.0, 127.0, 500.0, 500.0, 220.0, 500.0, 285.0, 500.0, 165.0, 129.0, 500.0, 500.0, 101.0, 500.0, 500.0, 500.0, 314.0, 455.0]","[470, 386, 500, 500, 438, 424, 305, 307, 500, 76, 51, 31, 10, 24, 98, 28, 14, 16, 31, 44, 51, 13, 13, 60, 124, 15, 21, 114, 26, 160, 111, 180, 168, 53, 161, 141, 12, 183, 215, 68, 39, 69, 48, 75, 73, 192, 162, 20, 133, 25, 77, 89, 83, 130, 73, 184, 77, 26, 115, 125, 264, 47, 83, 156, 110, 93, 311, 247, 286, 331, 371, 500, 336, 160, 500, 413, 120, 299, 281, 268, 245, 500, 500, 127, 500, 500, 220, 500, 285, 500, 165, 129, 500, 500, 101, 500, 500, 500, 314, 455]",0.4800447873291387,0.18315705293513226,0.6892341118362794,27776,28000,6088.542,10.101,2502.669,84.294,42.847619047619055,67.55238095238094,0.11249999701976776,4.999999873689376e-05,202.35706,-0.00078614586,202.35727,0.6556156,0.005251962,0.528044,0.0
500.0,12.0,242.05,242.05,8,1,4000,False,32000,352,8,a611e2d290114e518ada37a42429855c,2020-05-10_09-11-43,1589082103,5.6856958866119385,66.55990266799927,29134,skbly7.local,192.168.1.5,66.55990266799927,32000,8,1,00000,0,"[363.0, 500.0, 500.0, 500.0, 500.0, 500.0, 500.0, 500.0, 16.0, 31.0, 44.0, 51.0, 13.0, 13.0, 60.0, 124.0, 15.0, 21.0, 114.0, 26.0, 160.0, 111.0, 180.0, 168.0, 53.0, 161.0, 141.0, 12.0, 183.0, 215.0, 68.0, 39.0, 69.0, 48.0, 75.0, 73.0, 192.0, 162.0, 20.0, 133.0, 25.0, 77.0, 89.0, 83.0, 130.0, 73.0, 184.0, 77.0, 26.0, 115.0, 125.0, 264.0, 47.0, 83.0, 156.0, 110.0, 93.0, 311.0, 247.0, 286.0, 331.0, 371.0, 500.0, 336.0, 160.0, 500.0, 413.0, 120.0, 299.0, 281.0, 268.0, 245.0, 500.0, 500.0, 127.0, 500.0, 500.0, 220.0, 500.0, 285.0, 500.0, 165.0, 129.0, 500.0, 500.0, 101.0, 500.0, 500.0, 500.0, 314.0, 455.0, 470.0, 386.0, 500.0, 500.0, 438.0, 424.0, 305.0, 307.0, 500.0]","[363, 500, 500, 500, 500, 500, 500, 500, 16, 31, 44, 51, 13, 13, 60, 124, 15, 21, 114, 26, 160, 111, 180, 168, 53, 161, 141, 12, 183, 215, 68, 39, 69, 48, 75, 73, 192, 162, 20, 133, 25, 77, 89, 83, 130, 73, 184, 77, 26, 115, 125, 264, 47, 83, 156, 110, 93, 311, 247, 286, 331, 371, 500, 336, 160, 500, 413, 120, 299, 281, 268, 245, 500, 500, 127, 500, 500, 220, 500, 285, 500, 165, 129, 500, 500, 101, 500, 500, 500, 314, 455, 470, 386, 500, 500, 438, 424, 305, 307, 500]",0.4601262097571134,0.17803405702468977,0.6884480849281286,31744,32000,5749.296,8.979,2477.709,74.274,51.675,68.1375,0.11249999701976776,4.999999873689376e-05,354.526,-0.0017157276,354.5272,0.2774298,0.0049038334,0.5132386,0.0
500.0,12.0,277.92,277.92,9,1,4000,False,36000,361,9,a611e2d290114e518ada37a42429855c,2020-05-10_09-11-49,1589082109,5.9617650508880615,72.52166771888733,29134,skbly7.local,192.168.1.5,72.52166771888733,36000,9,1,00000,0,"[500.0, 500.0, 456.0, 481.0, 500.0, 500.0, 198.0, 500.0, 319.0, 21.0, 114.0, 26.0, 160.0, 111.0, 180.0, 168.0, 53.0, 161.0, 141.0, 12.0, 183.0, 215.0, 68.0, 39.0, 69.0, 48.0, 75.0, 73.0, 192.0, 162.0, 20.0, 133.0, 25.0, 77.0, 89.0, 83.0, 130.0, 73.0, 184.0, 77.0, 26.0, 115.0, 125.0, 264.0, 47.0, 83.0, 156.0, 110.0, 93.0, 311.0, 247.0, 286.0, 331.0, 371.0, 500.0, 336.0, 160.0, 500.0, 413.0, 120.0, 299.0, 281.0, 268.0, 245.0, 500.0, 500.0, 127.0, 500.0, 500.0, 220.0, 500.0, 285.0, 500.0, 165.0, 129.0, 500.0, 500.0, 101.0, 500.0, 500.0, 500.0, 314.0, 455.0, 470.0, 386.0, 500.0, 500.0, 438.0, 424.0, 305.0, 307.0, 500.0, 363.0, 500.0, 500.0, 500.0, 500.0, 500.0, 500.0, 500.0]","[500, 500, 456, 481, 500, 500, 198, 500, 319, 21, 114, 26, 160, 111, 180, 168, 53, 161, 141, 12, 183, 215, 68, 39, 69, 48, 75, 73, 192, 162, 20, 133, 25, 77, 89, 83, 130, 73, 184, 77, 26, 115, 125, 264, 47, 83, 156, 110, 93, 311, 247, 286, 331, 371, 500, 336, 160, 500, 413, 120, 299, 281, 268, 245, 500, 500, 127, 500, 500, 220, 500, 285, 500, 165, 129, 500, 500, 101, 500, 500, 500, 314, 455, 470, 386, 500, 500, 438, 424, 305, 307, 500, 363, 500, 500, 500, 500, 500, 500, 500]",0.43369804639389586,0.17195978533306416,0.6877154962713456,35712,36000,5511.142,8.129,2463.335,66.346,54.387499999999996,68.15,0.05624999850988388,4.999999873689376e-05,383.7507,-0.0063928305,383.75662,0.35282633,0.007865402,0.5199013,0.0
500.0,12.0,309.24,309.24,8,1,4000,False,40000,369,10,a611e2d290114e518ada37a42429855c,2020-05-10_09-11-55,1589082115,5.524795293807983,78.04646301269531,29134,skbly7.local,192.168.1.5,78.04646301269531,40000,10,1,00000,0,"[500.0, 500.0, 465.0, 500.0, 500.0, 500.0, 500.0, 500.0, 161.0, 141.0, 12.0, 183.0, 215.0, 68.0, 39.0, 69.0, 48.0, 75.0, 73.0, 192.0, 162.0, 20.0, 133.0, 25.0, 77.0, 89.0, 83.0, 130.0, 73.0, 184.0, 77.0, 26.0, 115.0, 125.0, 264.0, 47.0, 83.0, 156.0, 110.0, 93.0, 311.0, 247.0, 286.0, 331.0, 371.0, 500.0, 336.0, 160.0, 500.0, 413.0, 120.0, 299.0, 281.0, 268.0, 245.0, 500.0, 500.0, 127.0, 500.0, 500.0, 220.0, 500.0, 285.0, 500.0, 165.0, 129.0, 500.0, 500.0, 101.0, 500.0, 500.0, 500.0, 314.0, 455.0, 470.0, 386.0, 500.0, 500.0, 438.0, 424.0, 305.0, 307.0, 500.0, 363.0, 500.0, 500.0, 500.0, 500.0, 500.0, 500.0, 500.0, 500.0, 500.0, 456.0, 481.0, 500.0, 500.0, 198.0, 500.0, 319.0]","[500, 500, 465, 500, 500, 500, 500, 500, 161, 141, 12, 183, 215, 68, 39, 69, 48, 75, 73, 192, 162, 20, 133, 25, 77, 89, 83, 130, 73, 184, 77, 26, 115, 125, 264, 47, 83, 156, 110, 93, 311, 247, 286, 331, 371, 500, 336, 160, 500, 413, 120, 299, 281, 268, 245, 500, 500, 127, 500, 500, 220, 500, 285, 500, 165, 129, 500, 500, 101, 500, 500, 500, 314, 455, 470, 386, 500, 500, 438, 424, 305, 307, 500, 363, 500, 500, 500, 500, 500, 500, 500, 500, 500, 456, 481, 500, 500, 198, 500, 319]",0.42040271347017866,0.16822576183665425,0.6873971671458236,39680,40000,5280.977,7.437,2447.839,59.989,52.6625,68.0,0.05624999850988388,4.999999873689376e-05,286.85263,-0.003086356,286.85565,0.29835886,0.0023433566,0.52151895,0.0
500.0,20.0,339.01,339.01,10,1,4000,False,44000,379,11,a611e2d290114e518ada37a42429855c,2020-05-10_09-12-00,1589082120,5.536876916885376,83.58333992958069,29134,skbly7.local,192.168.1.5,83.58333992958069,44000,11,1,00000,0,"[396.0, 244.0, 335.0, 257.0, 500.0, 484.0, 310.0, 500.0, 462.0, 500.0, 73.0, 192.0, 162.0, 20.0, 133.0, 25.0, 77.0, 89.0, 83.0, 130.0, 73.0, 184.0, 77.0, 26.0, 115.0, 125.0, 264.0, 47.0, 83.0, 156.0, 110.0, 93.0, 311.0, 247.0, 286.0, 331.0, 371.0, 500.0, 336.0, 160.0, 500.0, 413.0, 120.0, 299.0, 281.0, 268.0, 245.0, 500.0, 500.0, 127.0, 500.0, 500.0, 220.0, 500.0, 285.0, 500.0, 165.0, 129.0, 500.0, 500.0, 101.0, 500.0, 500.0, 500.0, 314.0, 455.0, 470.0, 386.0, 500.0, 500.0, 438.0, 424.0, 305.0, 307.0, 500.0, 363.0, 500.0, 500.0, 500.0, 500.0, 500.0, 500.0, 500.0, 500.0, 500.0, 456.0, 481.0, 500.0, 500.0, 198.0, 500.0, 319.0, 500.0, 500.0, 465.0, 500.0, 500.0, 500.0, 500.0, 500.0]","[396, 244, 335, 257, 500, 484, 310, 500, 462, 500, 73, 192, 162, 20, 133, 25, 77, 89, 83, 130, 73, 184, 77, 26, 115, 125, 264, 47, 83, 156, 110, 93, 311, 247, 286, 331, 371, 500, 336, 160, 500, 413, 120, 299, 281, 268, 245, 500, 500, 127, 500, 500, 220, 500, 285, 500, 165, 129, 500, 500, 101, 500, 500, 500, 314, 455, 470, 386, 500, 500, 438, 424, 305, 307, 500, 363, 500, 500, 500, 500, 500, 500, 500, 500, 500, 456, 481, 500, 500, 198, 500, 319, 500, 500, 465, 500, 500, 500, 500, 500]",0.40625632681727253,0.1640572802862204,0.6868973590848029,43648,44000,4418.745,1.196,2396.769,3.423,45.7625,67.65,0.02812499925494194,4.999999873689376e-05,195.43471,-0.008492121,195.44304,0.66799,0.0051796716,0.5162902,0.0
500.0,26.0,370.62,370.62,8,1,4000,False,48000,387,12,a611e2d290114e518ada37a42429855c,2020-05-10_09-12-06,1589082126,5.51264500617981,89.0959849357605,29134,skbly7.local,192.168.1.5,89.0959849357605,48000,12,1,00000,0,"[432.0, 500.0, 500.0, 500.0, 500.0, 500.0, 500.0, 500.0, 83.0, 130.0, 73.0, 184.0, 77.0, 26.0, 115.0, 125.0, 264.0, 47.0, 83.0, 156.0, 110.0, 93.0, 311.0, 247.0, 286.0, 331.0, 371.0, 500.0, 336.0, 160.0, 500.0, 413.0, 120.0, 299.0, 281.0, 268.0, 245.0, 500.0, 500.0, 127.0, 500.0, 500.0, 220.0, 500.0, 285.0, 500.0, 165.0, 129.0, 500.0, 500.0, 101.0, 500.0, 500.0, 500.0, 314.0, 455.0, 470.0, 386.0, 500.0, 500.0, 438.0, 424.0, 305.0, 307.0, 500.0, 363.0, 500.0, 500.0, 500.0, 500.0, 500.0, 500.0, 500.0, 500.0, 500.0, 456.0, 481.0, 500.0, 500.0, 198.0, 500.0, 319.0, 500.0, 500.0, 465.0, 500.0, 500.0, 500.0, 500.0, 500.0, 396.0, 244.0, 335.0, 257.0, 500.0, 484.0, 310.0, 500.0, 462.0, 500.0]","[432, 500, 500, 500, 500, 500, 500, 500, 83, 130, 73, 184, 77, 26, 115, 125, 264, 47, 83, 156, 110, 93, 311, 247, 286, 331, 371, 500, 336, 160, 500, 413, 120, 299, 281, 268, 245, 500, 500, 127, 500, 500, 220, 500, 285, 500, 165, 129, 500, 500, 101, 500, 500, 500, 314, 455, 470, 386, 500, 500, 438, 424, 305, 307, 500, 363, 500, 500, 500, 500, 500, 500, 500, 500, 500, 456, 481, 500, 500, 198, 500, 319, 500, 500, 465, 500, 500, 500, 500, 500, 396, 244, 335, 257, 500, 484, 310, 500, 462, 500]",0.3929360620601684,0.16049330618785476,0.6861331549670924,47616,48000,4237.558,1.198,2387.51,3.301,51.9375,67.7,0.02812499925494194,4.999999873689376e-05,394.9557,-0.00562482,394.96112,0.22586739,0.004826264,0.5070924,0.0
500.0,83.0,402.21,402.21,10,1,4000,False,52000,397,13,a611e2d290114e518ada37a42429855c,2020-05-10_09-12-12,1589082132,6.35688591003418,95.45287084579468,29134,skbly7.local,192.168.1.5,95.45287084579468,52000,13,1,00000,0,"[500.0, 500.0, 418.0, 351.0, 500.0, 313.0, 386.0, 500.0, 396.0, 419.0, 83.0, 156.0, 110.0, 93.0, 311.0, 247.0, 286.0, 331.0, 371.0, 500.0, 336.0, 160.0, 500.0, 413.0, 120.0, 299.0, 281.0, 268.0, 245.0, 500.0, 500.0, 127.0, 500.0, 500.0, 220.0, 500.0, 285.0, 500.0, 165.0, 129.0, 500.0, 500.0, 101.0, 500.0, 500.0, 500.0, 314.0, 455.0, 470.0, 386.0, 500.0, 500.0, 438.0, 424.0, 305.0, 307.0, 500.0, 363.0, 500.0, 500.0, 500.0, 500.0, 500.0, 500.0, 500.0, 500.0, 500.0, 456.0, 481.0, 500.0, 500.0, 198.0, 500.0, 319.0, 500.0, 500.0, 465.0, 500.0, 500.0, 500.0, 500.0, 500.0, 396.0, 244.0, 335.0, 257.0, 500.0, 484.0, 310.0, 500.0, 462.0, 500.0, 432.0, 500.0, 500.0, 500.0, 500.0, 500.0, 500.0, 500.0]","[500, 500, 418, 351, 500, 313, 386, 500, 396, 419, 83, 156, 110, 93, 311, 247, 286, 331, 371, 500, 336, 160, 500, 413, 120, 299, 281, 268, 245, 500, 500, 127, 500, 500, 220, 500, 285, 500, 165, 129, 500, 500, 101, 500, 500, 500, 314, 455, 470, 386, 500, 500, 438, 424, 305, 307, 500, 363, 500, 500, 500, 500, 500, 500, 500, 500, 500, 456, 481, 500, 500, 198, 500, 319, 500, 500, 465, 500, 500, 500, 500, 500, 396, 244, 335, 257, 500, 484, 310, 500, 462, 500, 432, 500, 500, 500, 500, 500, 500, 500]",0.3742698405707622,0.15594956086154915,0.6859082609827266,51584,52000,4283.881,1.205,2393.223,3.246,52.32222222222222,68.03333333333335,0.01406249962747097,4.999999873689376e-05,280.82986,-0.0021847056,280.832,0.5775568,0.004966365,0.5449017,0.0
500.0,101.0,423.99,423.99,8,1,4000,False,56000,405,14,a611e2d290114e518ada37a42429855c,2020-05-10_09-12-18,1589082138,5.932953119277954,101.38582396507263,29134,skbly7.local,192.168.1.5,101.38582396507263,56000,14,1,00000,0,"[500.0, 370.0, 500.0, 500.0, 500.0, 425.0, 500.0, 500.0, 371.0, 500.0, 336.0, 160.0, 500.0, 413.0, 120.0, 299.0, 281.0, 268.0, 245.0, 500.0, 500.0, 127.0, 500.0, 500.0, 220.0, 500.0, 285.0, 500.0, 165.0, 129.0, 500.0, 500.0, 101.0, 500.0, 500.0, 500.0, 314.0, 455.0, 470.0, 386.0, 500.0, 500.0, 438.0, 424.0, 305.0, 307.0, 500.0, 363.0, 500.0, 500.0, 500.0, 500.0, 500.0, 500.0, 500.0, 500.0, 500.0, 456.0, 481.0, 500.0, 500.0, 198.0, 500.0, 319.0, 500.0, 500.0, 465.0, 500.0, 500.0, 500.0, 500.0, 500.0, 396.0, 244.0, 335.0, 257.0, 500.0, 484.0, 310.0, 500.0, 462.0, 500.0, 432.0, 500.0, 500.0, 500.0, 500.0, 500.0, 500.0, 500.0, 500.0, 500.0, 418.0, 351.0, 500.0, 313.0, 386.0, 500.0, 396.0, 419.0]","[500, 370, 500, 500, 500, 425, 500, 500, 371, 500, 336, 160, 500, 413, 120, 299, 281, 268, 245, 500, 500, 127, 500, 500, 220, 500, 285, 500, 165, 129, 500, 500, 101, 500, 500, 500, 314, 455, 470, 386, 500, 500, 438, 424, 305, 307, 500, 363, 500, 500, 500, 500, 500, 500, 500, 500, 500, 456, 481, 500, 500, 198, 500, 319, 500, 500, 465, 500, 500, 500, 500, 500, 396, 244, 335, 257, 500, 484, 310, 500, 462, 500, 432, 500, 500, 500, 500, 500, 500, 500, 500, 500, 418, 351, 500, 313, 386, 500, 396, 419]",0.3632984046693675,0.1529150678621935,0.6852152151682298,55552,56000,4266.177,1.244,2375.303,3.305,56.400000000000006,68.27777777777777,0.007031249813735485,4.999999873689376e-05,213.28377,-0.0030887022,213.2868,0.59449494,0.0067791594,0.558739,0.0
500.0,101.0,437.51,437.51,9,1,4000,False,60000,414,15,a611e2d290114e518ada37a42429855c,2020-05-10_09-12-24,1589082144,5.91357684135437,107.299400806427,29134,skbly7.local,192.168.1.5,107.299400806427,60000,15,1,00000,0,"[500.0, 407.0, 500.0, 500.0, 500.0, 500.0, 425.0, 500.0, 500.0, 268.0, 245.0, 500.0, 500.0, 127.0, 500.0, 500.0, 220.0, 500.0, 285.0, 500.0, 165.0, 129.0, 500.0, 500.0, 101.0, 500.0, 500.0, 500.0, 314.0, 455.0, 470.0, 386.0, 500.0, 500.0, 438.0, 424.0, 305.0, 307.0, 500.0, 363.0, 500.0, 500.0, 500.0, 500.0, 500.0, 500.0, 500.0, 500.0, 500.0, 456.0, 481.0, 500.0, 500.0, 198.0, 500.0, 319.0, 500.0, 500.0, 465.0, 500.0, 500.0, 500.0, 500.0, 500.0, 396.0, 244.0, 335.0, 257.0, 500.0, 484.0, 310.0, 500.0, 462.0, 500.0, 432.0, 500.0, 500.0, 500.0, 500.0, 500.0, 500.0, 500.0, 500.0, 500.0, 418.0, 351.0, 500.0, 313.0, 386.0, 500.0, 396.0, 419.0, 500.0, 370.0, 500.0, 500.0, 500.0, 425.0, 500.0, 500.0]","[500, 407, 500, 500, 500, 500, 425, 500, 500, 268, 245, 500, 500, 127, 500, 500, 220, 500, 285, 500, 165, 129, 500, 500, 101, 500, 500, 500, 314, 455, 470, 386, 500, 500, 438, 424, 305, 307, 500, 363, 500, 500, 500, 500, 500, 500, 500, 500, 500, 456, 481, 500, 500, 198, 500, 319, 500, 500, 465, 500, 500, 500, 500, 500, 396, 244, 335, 257, 500, 484, 310, 500, 462, 500, 432, 500, 500, 500, 500, 500, 500, 500, 500, 500, 418, 351, 500, 313, 386, 500, 396, 419, 500, 370, 500, 500, 500, 425, 500, 500]",0.3538793745848996,0.150006117250577,0.6842339893751983,59520,60000,4299.43,1.255,2376.886,4.443,54.89999999999999,67.38749999999999,0.007031249813735485,4.999999873689376e-05,304.83017,-0.0040233945,304.83414,0.44533977,0.007074934,0.5329017,0.0
500.0,101.0,442.08,442.08,9,1,4000,False,64000,423,16,a611e2d290114e518ada37a42429855c,2020-05-10_09-12-30,1589082150,5.629454851150513,112.92885565757751,29134,skbly7.local,192.168.1.5,112.92885565757751,64000,16,1,00000,0,"[500.0, 193.0, 300.0, 500.0, 500.0, 500.0, 324.0, 500.0, 500.0, 285.0, 500.0, 165.0, 129.0, 500.0, 500.0, 101.0, 500.0, 500.0, 500.0, 314.0, 455.0, 470.0, 386.0, 500.0, 500.0, 438.0, 424.0, 305.0, 307.0, 500.0, 363.0, 500.0, 500.0, 500.0, 500.0, 500.0, 500.0, 500.0, 500.0, 500.0, 456.0, 481.0, 500.0, 500.0, 198.0, 500.0, 319.0, 500.0, 500.0, 465.0, 500.0, 500.0, 500.0, 500.0, 500.0, 396.0, 244.0, 335.0, 257.0, 500.0, 484.0, 310.0, 500.0, 462.0, 500.0, 432.0, 500.0, 500.0, 500.0, 500.0, 500.0, 500.0, 500.0, 500.0, 500.0, 418.0, 351.0, 500.0, 313.0, 386.0, 500.0, 396.0, 419.0, 500.0, 370.0, 500.0, 500.0, 500.0, 425.0, 500.0, 500.0, 500.0, 407.0, 500.0, 500.0, 500.0, 500.0, 425.0, 500.0, 500.0]","[500, 193, 300, 500, 500, 500, 324, 500, 500, 285, 500, 165, 129, 500, 500, 101, 500, 500, 500, 314, 455, 470, 386, 500, 500, 438, 424, 305, 307, 500, 363, 500, 500, 500, 500, 500, 500, 500, 500, 500, 456, 481, 500, 500, 198, 500, 319, 500, 500, 465, 500, 500, 500, 500, 500, 396, 244, 335, 257, 500, 484, 310, 500, 462, 500, 432, 500, 500, 500, 500, 500, 500, 500, 500, 500, 418, 351, 500, 313, 386, 500, 396, 419, 500, 370, 500, 500, 500, 425, 500, 500, 500, 407, 500, 500, 500, 500, 425, 500, 500]",0.3485453629910904,0.14791760961243341,0.6839473398724917,63488,64000,4270.44,1.244,2356.811,4.421,51.6,66.825,0.007031249813735485,4.999999873689376e-05,529.91516,-0.008245375,529.9233,0.11014103,0.0101214815,0.5150243,0.0
500.0,193.0,455.28,455.28,8,1,4000,False,68000,431,17,a611e2d290114e518ada37a42429855c,2020-05-10_09-12-36,1589082156,5.664973735809326,118.59382939338684,29134,skbly7.local,192.168.1.5,118.59382939338684,68000,17,1,00000,0,"[500.0, 500.0, 500.0, 500.0, 500.0, 500.0, 500.0, 500.0, 500.0, 500.0, 314.0, 455.0, 470.0, 386.0, 500.0, 500.0, 438.0, 424.0, 305.0, 307.0, 500.0, 363.0, 500.0, 500.0, 500.0, 500.0, 500.0, 500.0, 500.0, 500.0, 500.0, 456.0, 481.0, 500.0, 500.0, 198.0, 500.0, 319.0, 500.0, 500.0, 465.0, 500.0, 500.0, 500.0, 500.0, 500.0, 396.0, 244.0, 335.0, 257.0, 500.0, 484.0, 310.0, 500.0, 462.0, 500.0, 432.0, 500.0, 500.0, 500.0, 500.0, 500.0, 500.0, 500.0, 500.0, 500.0, 418.0, 351.0, 500.0, 313.0, 386.0, 500.0, 396.0, 419.0, 500.0, 370.0, 500.0, 500.0, 500.0, 425.0, 500.0, 500.0, 500.0, 407.0, 500.0, 500.0, 500.0, 500.0, 425.0, 500.0, 500.0, 500.0, 193.0, 300.0, 500.0, 500.0, 500.0, 324.0, 500.0, 500.0]","[500, 500, 500, 500, 500, 500, 500, 500, 500, 500, 314, 455, 470, 386, 500, 500, 438, 424, 305, 307, 500, 363, 500, 500, 500, 500, 500, 500, 500, 500, 500, 456, 481, 500, 500, 198, 500, 319, 500, 500, 465, 500, 500, 500, 500, 500, 396, 244, 335, 257, 500, 484, 310, 500, 462, 500, 432, 500, 500, 500, 500, 500, 500, 500, 500, 500, 418, 351, 500, 313, 386, 500, 396, 419, 500, 370, 500, 500, 500, 425, 500, 500, 500, 407, 500, 500, 500, 500, 425, 500, 500, 500, 193, 300, 500, 500, 500, 324, 500, 500]",0.34588640968914375,0.14641369624520403,0.6833826374156959,67456,68000,3427.524,1.242,2335.762,4.39,51.85000000000001,66.775,0.007031249813735485,4.999999873689376e-05,195.05797,-0.0052801343,195.06316,0.61166805,0.010474371,0.52024597,0.0
500.0,193.0,459.03,459.03,8,1,4000,False,72000,439,18,a611e2d290114e518ada37a42429855c,2020-05-10_09-12-42,1589082162,5.817361831665039,124.41119122505188,29134,skbly7.local,192.168.1.5,124.41119122505188,72000,18,1,00000,0,"[500.0, 500.0, 500.0, 500.0, 500.0, 500.0, 500.0, 500.0, 438.0, 424.0, 305.0, 307.0, 500.0, 363.0, 500.0, 500.0, 500.0, 500.0, 500.0, 500.0, 500.0, 500.0, 500.0, 456.0, 481.0, 500.0, 500.0, 198.0, 500.0, 319.0, 500.0, 500.0, 465.0, 500.0, 500.0, 500.0, 500.0, 500.0, 396.0, 244.0, 335.0, 257.0, 500.0, 484.0, 310.0, 500.0, 462.0, 500.0, 432.0, 500.0, 500.0, 500.0, 500.0, 500.0, 500.0, 500.0, 500.0, 500.0, 418.0, 351.0, 500.0, 313.0, 386.0, 500.0, 396.0, 419.0, 500.0, 370.0, 500.0, 500.0, 500.0, 425.0, 500.0, 500.0, 500.0, 407.0, 500.0, 500.0, 500.0, 500.0, 425.0, 500.0, 500.0, 500.0, 193.0, 300.0, 500.0, 500.0, 500.0, 324.0, 500.0, 500.0, 500.0, 500.0, 500.0, 500.0, 500.0, 500.0, 500.0, 500.0]","[500, 500, 500, 500, 500, 500, 500, 500, 438, 424, 305, 307, 500, 363, 500, 500, 500, 500, 500, 500, 500, 500, 500, 456, 481, 500, 500, 198, 500, 319, 500, 500, 465, 500, 500, 500, 500, 500, 396, 244, 335, 257, 500, 484, 310, 500, 462, 500, 432, 500, 500, 500, 500, 500, 500, 500, 500, 500, 418, 351, 500, 313, 386, 500, 396, 419, 500, 370, 500, 500, 500, 425, 500, 500, 500, 407, 500, 500, 500, 500, 425, 500, 500, 500, 193, 300, 500, 500, 500, 324, 500, 500, 500, 500, 500, 500, 500, 500, 500, 500]",0.33295791586985035,0.14455423049162497,0.6824786743756027,71424,72000,3419.986,1.241,2356.589,4.27,56.56666666666667,67.1222222222222,0.007031249813735485,4.999999873689376e-05,568.0776,-0.002247664,568.0797,0.011611504,0.0031785625,0.54550636,0.0
500.0,193.0,465.66,465.66,8,1,4000,False,76000,447,19,a611e2d290114e518ada37a42429855c,2020-05-10_09-12-47,1589082167,5.861056089401245,130.27224731445312,29134,skbly7.local,192.168.1.5,130.27224731445312,76000,19,1,00000,0,"[500.0, 500.0, 500.0, 500.0, 500.0, 500.0, 500.0, 500.0, 500.0, 500.0, 500.0, 500.0, 500.0, 500.0, 500.0, 456.0, 481.0, 500.0, 500.0, 198.0, 500.0, 319.0, 500.0, 500.0, 465.0, 500.0, 500.0, 500.0, 500.0, 500.0, 396.0, 244.0, 335.0, 257.0, 500.0, 484.0, 310.0, 500.0, 462.0, 500.0, 432.0, 500.0, 500.0, 500.0, 500.0, 500.0, 500.0, 500.0, 500.0, 500.0, 418.0, 351.0, 500.0, 313.0, 386.0, 500.0, 396.0, 419.0, 500.0, 370.0, 500.0, 500.0, 500.0, 425.0, 500.0, 500.0, 500.0, 407.0, 500.0, 500.0, 500.0, 500.0, 425.0, 500.0, 500.0, 500.0, 193.0, 300.0, 500.0, 500.0, 500.0, 324.0, 500.0, 500.0, 500.0, 500.0, 500.0, 500.0, 500.0, 500.0, 500.0, 500.0, 500.0, 500.0, 500.0, 500.0, 500.0, 500.0, 500.0, 500.0]","[500, 500, 500, 500, 500, 500, 500, 500, 500, 500, 500, 500, 500, 500, 500, 456, 481, 500, 500, 198, 500, 319, 500, 500, 465, 500, 500, 500, 500, 500, 396, 244, 335, 257, 500, 484, 310, 500, 462, 500, 432, 500, 500, 500, 500, 500, 500, 500, 500, 500, 418, 351, 500, 313, 386, 500, 396, 419, 500, 370, 500, 500, 500, 425, 500, 500, 500, 407, 500, 500, 500, 500, 425, 500, 500, 500, 193, 300, 500, 500, 500, 324, 500, 500, 500, 500, 500, 500, 500, 500, 500, 500, 500, 500, 500, 500, 500, 500, 500, 500]",0.3111833776057655,0.1424876279531372,0.6815849643315727,75392,76000,3413.053,1.231,2353.46,4.281,54.1125,67.5125,0.0035156249068677425,4.999999873689376e-05,442.0604,-0.0024850722,442.06284,0.18457104,0.0056932694,0.5372526,0.0
500.0,193.0,466.1,466.1,8,1,4000,False,80000,455,20,a611e2d290114e518ada37a42429855c,2020-05-10_09-12-53,1589082173,5.840357065200806,136.11260437965393,29134,skbly7.local,192.168.1.5,136.11260437965393,80000,20,1,00000,0,"[500.0, 500.0, 500.0, 500.0, 500.0, 500.0, 500.0, 500.0, 481.0, 500.0, 500.0, 198.0, 500.0, 319.0, 500.0, 500.0, 465.0, 500.0, 500.0, 500.0, 500.0, 500.0, 396.0, 244.0, 335.0, 257.0, 500.0, 484.0, 310.0, 500.0, 462.0, 500.0, 432.0, 500.0, 500.0, 500.0, 500.0, 500.0, 500.0, 500.0, 500.0, 500.0, 418.0, 351.0, 500.0, 313.0, 386.0, 500.0, 396.0, 419.0, 500.0, 370.0, 500.0, 500.0, 500.0, 425.0, 500.0, 500.0, 500.0, 407.0, 500.0, 500.0, 500.0, 500.0, 425.0, 500.0, 500.0, 500.0, 193.0, 300.0, 500.0, 500.0, 500.0, 324.0, 500.0, 500.0, 500.0, 500.0, 500.0, 500.0, 500.0, 500.0, 500.0, 500.0, 500.0, 500.0, 500.0, 500.0, 500.0, 500.0, 500.0, 500.0, 500.0, 500.0, 500.0, 500.0, 500.0, 500.0, 500.0, 500.0]","[500, 500, 500, 500, 500, 500, 500, 500, 481, 500, 500, 198, 500, 319, 500, 500, 465, 500, 500, 500, 500, 500, 396, 244, 335, 257, 500, 484, 310, 500, 462, 500, 432, 500, 500, 500, 500, 500, 500, 500, 500, 500, 418, 351, 500, 313, 386, 500, 396, 419, 500, 370, 500, 500, 500, 425, 500, 500, 500, 407, 500, 500, 500, 500, 425, 500, 500, 500, 193, 300, 500, 500, 500, 324, 500, 500, 500, 500, 500, 500, 500, 500, 500, 500, 500, 500, 500, 500, 500, 500, 500, 500, 500, 500, 500, 500, 500, 500, 500, 500]",0.2929707929730507,0.14073367646785806,0.6807408134965107,79360,80000,3426.838,1.228,2371.154,4.353,52.45,67.525,0.0035156249068677425,4.999999873689376e-05,495.75497,-0.008068235,495.763,0.09963617,0.009113803,0.5437032,0.0
500.0,193.0,468.92,468.92,8,1,4000,False,84000,463,21,a611e2d290114e518ada37a42429855c,2020-05-10_09-12-59,1589082179,5.534224033355713,141.64682841300964,29134,skbly7.local,192.168.1.5,141.64682841300964,84000,21,1,00000,0,"[500.0, 500.0, 500.0, 500.0, 500.0, 500.0, 280.0, 500.0, 465.0, 500.0, 500.0, 500.0, 500.0, 500.0, 396.0, 244.0, 335.0, 257.0, 500.0, 484.0, 310.0, 500.0, 462.0, 500.0, 432.0, 500.0, 500.0, 500.0, 500.0, 500.0, 500.0, 500.0, 500.0, 500.0, 418.0, 351.0, 500.0, 313.0, 386.0, 500.0, 396.0, 419.0, 500.0, 370.0, 500.0, 500.0, 500.0, 425.0, 500.0, 500.0, 500.0, 407.0, 500.0, 500.0, 500.0, 500.0, 425.0, 500.0, 500.0, 500.0, 193.0, 300.0, 500.0, 500.0, 500.0, 324.0, 500.0, 500.0, 500.0, 500.0, 500.0, 500.0, 500.0, 500.0, 500.0, 500.0, 500.0, 500.0, 500.0, 500.0, 500.0, 500.0, 500.0, 500.0, 500.0, 500.0, 500.0, 500.0, 500.0, 500.0, 500.0, 500.0, 500.0, 500.0, 500.0, 500.0, 500.0, 500.0, 500.0, 500.0]","[500, 500, 500, 500, 500, 500, 280, 500, 465, 500, 500, 500, 500, 500, 396, 244, 335, 257, 500, 484, 310, 500, 462, 500, 432, 500, 500, 500, 500, 500, 500, 500, 500, 500, 418, 351, 500, 313, 386, 500, 396, 419, 500, 370, 500, 500, 500, 425, 500, 500, 500, 407, 500, 500, 500, 500, 425, 500, 500, 500, 193, 300, 500, 500, 500, 324, 500, 500, 500, 500, 500, 500, 500, 500, 500, 500, 500, 500, 500, 500, 500, 500, 500, 500, 500, 500, 500, 500, 500, 500, 500, 500, 500, 500, 500, 500, 500, 500, 500, 500]",0.2770895346315171,0.13915387642514065,0.6797361700400899,83328,84000,3423.419,1.229,2374.297,4.347,56.3125,68.225,0.0035156249068677425,4.999999873689376e-05,535.9429,-0.003535115,535.9462,0.008726683,0.009252956,0.554533,0.0
500.0,193.0,472.87,472.87,8,1,4000,False,88000,471,22,a611e2d290114e518ada37a42429855c,2020-05-10_09-13-05,1589082185,5.914766788482666,147.5615952014923,29134,skbly7.local,192.168.1.5,147.5615952014923,88000,22,1,00000,0,"[500.0, 500.0, 500.0, 500.0, 500.0, 500.0, 500.0, 500.0, 335.0, 257.0, 500.0, 484.0, 310.0, 500.0, 462.0, 500.0, 432.0, 500.0, 500.0, 500.0, 500.0, 500.0, 500.0, 500.0, 500.0, 500.0, 418.0, 351.0, 500.0, 313.0, 386.0, 500.0, 396.0, 419.0, 500.0, 370.0, 500.0, 500.0, 500.0, 425.0, 500.0, 500.0, 500.0, 407.0, 500.0, 500.0, 500.0, 500.0, 425.0, 500.0, 500.0, 500.0, 193.0, 300.0, 500.0, 500.0, 500.0, 324.0, 500.0, 500.0, 500.0, 500.0, 500.0, 500.0, 500.0, 500.0, 500.0, 500.0, 500.0, 500.0, 500.0, 500.0, 500.0, 500.0, 500.0, 500.0, 500.0, 500.0, 500.0, 500.0, 500.0, 500.0, 500.0, 500.0, 500.0, 500.0, 500.0, 500.0, 500.0, 500.0, 500.0, 500.0, 500.0, 500.0, 500.0, 500.0, 500.0, 500.0, 280.0, 500.0]","[500, 500, 500, 500, 500, 500, 500, 500, 335, 257, 500, 484, 310, 500, 462, 500, 432, 500, 500, 500, 500, 500, 500, 500, 500, 500, 418, 351, 500, 313, 386, 500, 396, 419, 500, 370, 500, 500, 500, 425, 500, 500, 500, 407, 500, 500, 500, 500, 425, 500, 500, 500, 193, 300, 500, 500, 500, 324, 500, 500, 500, 500, 500, 500, 500, 500, 500, 500, 500, 500, 500, 500, 500, 500, 500, 500, 500, 500, 500, 500, 500, 500, 500, 500, 500, 500, 500, 500, 500, 500, 500, 500, 500, 500, 500, 500, 500, 500, 280, 500]",0.2634478899928298,0.13784812165625682,0.6792714365150005,87296,88000,3459.983,1.229,2377.992,4.304,55.78888888888889,67.74444444444445,0.0035156249068677425,4.999999873689376e-05,400.89078,-0.0032739667,400.89398,0.15212744,0.0046227155,0.57821167,0.0
500.0,193.0,478.1,478.1,9,1,4000,False,92000,480,23,a611e2d290114e518ada37a42429855c,2020-05-10_09-13-11,1589082191,5.843106746673584,153.4047019481659,29134,skbly7.local,192.168.1.5,153.4047019481659,92000,23,1,00000,0,"[500.0, 500.0, 500.0, 500.0, 500.0, 500.0, 303.0, 500.0, 500.0, 500.0, 500.0, 500.0, 500.0, 500.0, 500.0, 500.0, 500.0, 500.0, 418.0, 351.0, 500.0, 313.0, 386.0, 500.0, 396.0, 419.0, 500.0, 370.0, 500.0, 500.0, 500.0, 425.0, 500.0, 500.0, 500.0, 407.0, 500.0, 500.0, 500.0, 500.0, 425.0, 500.0, 500.0, 500.0, 193.0, 300.0, 500.0, 500.0, 500.0, 324.0, 500.0, 500.0, 500.0, 500.0, 500.0, 500.0, 500.0, 500.0, 500.0, 500.0, 500.0, 500.0, 500.0, 500.0, 500.0, 500.0, 500.0, 500.0, 500.0, 500.0, 500.0, 500.0, 500.0, 500.0, 500.0, 500.0, 500.0, 500.0, 500.0, 500.0, 500.0, 500.0, 500.0, 500.0, 500.0, 500.0, 500.0, 500.0, 500.0, 500.0, 280.0, 500.0, 500.0, 500.0, 500.0, 500.0, 500.0, 500.0, 500.0, 500.0]","[500, 500, 500, 500, 500, 500, 303, 500, 500, 500, 500, 500, 500, 500, 500, 500, 500, 500, 418, 351, 500, 313, 386, 500, 396, 419, 500, 370, 500, 500, 500, 425, 500, 500, 500, 407, 500, 500, 500, 500, 425, 500, 500, 500, 193, 300, 500, 500, 500, 324, 500, 500, 500, 500, 500, 500, 500, 500, 500, 500, 500, 500, 500, 500, 500, 500, 500, 500, 500, 500, 500, 500, 500, 500, 500, 500, 500, 500, 500, 500, 500, 500, 500, 500, 500, 500, 500, 500, 500, 500, 280, 500, 500, 500, 500, 500, 500, 500, 500, 500]",0.24979331013844808,0.13657128056833706,0.6790561050877403,91264,92000,3408.871,1.227,2377.752,4.261,52.375,68.1625,0.0017578124534338713,4.999999873689376e-05,466.82733,-0.0027346213,466.83005,0.10499106,0.004458314,0.5399994,0.0
500.0,193.0,478.1,478.1,8,1,4000,False,96000,488,24,a611e2d290114e518ada37a42429855c,2020-05-10_09-13-17,1589082197,5.889920949935913,159.2946228981018,29134,skbly7.local,192.168.1.5,159.2946228981018,96000,24,1,00000,0,"[500.0, 500.0, 500.0, 500.0, 500.0, 500.0, 500.0, 500.0, 500.0, 418.0, 351.0, 500.0, 313.0, 386.0, 500.0, 396.0, 419.0, 500.0, 370.0, 500.0, 500.0, 500.0, 425.0, 500.0, 500.0, 500.0, 407.0, 500.0, 500.0, 500.0, 500.0, 425.0, 500.0, 500.0, 500.0, 193.0, 300.0, 500.0, 500.0, 500.0, 324.0, 500.0, 500.0, 500.0, 500.0, 500.0, 500.0, 500.0, 500.0, 500.0, 500.0, 500.0, 500.0, 500.0, 500.0, 500.0, 500.0, 500.0, 500.0, 500.0, 500.0, 500.0, 500.0, 500.0, 500.0, 500.0, 500.0, 500.0, 500.0, 500.0, 500.0, 500.0, 500.0, 500.0, 500.0, 500.0, 500.0, 500.0, 500.0, 500.0, 500.0, 280.0, 500.0, 500.0, 500.0, 500.0, 500.0, 500.0, 500.0, 500.0, 500.0, 500.0, 500.0, 500.0, 500.0, 500.0, 500.0, 303.0, 500.0, 500.0]","[500, 500, 500, 500, 500, 500, 500, 500, 500, 418, 351, 500, 313, 386, 500, 396, 419, 500, 370, 500, 500, 500, 425, 500, 500, 500, 407, 500, 500, 500, 500, 425, 500, 500, 500, 193, 300, 500, 500, 500, 324, 500, 500, 500, 500, 500, 500, 500, 500, 500, 500, 500, 500, 500, 500, 500, 500, 500, 500, 500, 500, 500, 500, 500, 500, 500, 500, 500, 500, 500, 500, 500, 500, 500, 500, 500, 500, 500, 500, 500, 500, 280, 500, 500, 500, 500, 500, 500, 500, 500, 500, 500, 500, 500, 500, 500, 500, 303, 500, 500]",0.2391651661161699,0.1356008566159135,0.6790743562495257,95232,96000,3390.013,1.182,2392.49,4.137,55.833333333333336,67.83333333333333,0.0008789062267169356,4.999999873689376e-05,539.2281,-0.003975318,539.2321,0.019460892,0.0075013847,0.5485032,0.0
500.0,166.0,472.3,472.3,11,1,4000,False,100000,499,25,a611e2d290114e518ada37a42429855c,2020-05-10_09-13-22,1589082202,5.569643020629883,164.8642659187317,29134,skbly7.local,192.168.1.5,164.8642659187317,100000,25,1,00000,0,"[500.0, 172.0, 310.0, 347.0, 500.0, 166.0, 205.0, 500.0, 373.0, 500.0, 500.0, 500.0, 500.0, 500.0, 425.0, 500.0, 500.0, 500.0, 407.0, 500.0, 500.0, 500.0, 500.0, 425.0, 500.0, 500.0, 500.0, 193.0, 300.0, 500.0, 500.0, 500.0, 324.0, 500.0, 500.0, 500.0, 500.0, 500.0, 500.0, 500.0, 500.0, 500.0, 500.0, 500.0, 500.0, 500.0, 500.0, 500.0, 500.0, 500.0, 500.0, 500.0, 500.0, 500.0, 500.0, 500.0, 500.0, 500.0, 500.0, 500.0, 500.0, 500.0, 500.0, 500.0, 500.0, 500.0, 500.0, 500.0, 500.0, 500.0, 500.0, 500.0, 500.0, 280.0, 500.0, 500.0, 500.0, 500.0, 500.0, 500.0, 500.0, 500.0, 500.0, 500.0, 500.0, 500.0, 500.0, 500.0, 500.0, 303.0, 500.0, 500.0, 500.0, 500.0, 500.0, 500.0, 500.0, 500.0, 500.0, 500.0]","[500, 172, 310, 347, 500, 166, 205, 500, 373, 500, 500, 500, 500, 500, 425, 500, 500, 500, 407, 500, 500, 500, 500, 425, 500, 500, 500, 193, 300, 500, 500, 500, 324, 500, 500, 500, 500, 500, 500, 500, 500, 500, 500, 500, 500, 500, 500, 500, 500, 500, 500, 500, 500, 500, 500, 500, 500, 500, 500, 500, 500, 500, 500, 500, 500, 500, 500, 500, 500, 500, 500, 500, 500, 280, 500, 500, 500, 500, 500, 500, 500, 500, 500, 500, 500, 500, 500, 500, 500, 303, 500, 500, 500, 500, 500, 500, 500, 500, 500, 500]",0.2262342223267335,0.1342973730142975,0.6781542472852774,99200,100000,3352.125,1.184,2397.116,3.002,52.2625,67.875,0.0008789062267169356,4.999999873689376e-05,231.21771,-0.007316882,231.225,0.6093561,0.014646475,0.5622479,0.0
500.0,166.0,472.83,472.83,8,1,4000,False,104000,507,26,a611e2d290114e518ada37a42429855c,2020-05-10_09-13-28,1589082208,5.808243036270142,170.67250895500183,29134,skbly7.local,192.168.1.5,170.67250895500183,104000,26,1,00000,0,"[500.0, 500.0, 500.0, 500.0, 500.0, 500.0, 500.0, 385.0, 500.0, 500.0, 500.0, 500.0, 425.0, 500.0, 500.0, 500.0, 193.0, 300.0, 500.0, 500.0, 500.0, 324.0, 500.0, 500.0, 500.0, 500.0, 500.0, 500.0, 500.0, 500.0, 500.0, 500.0, 500.0, 500.0, 500.0, 500.0, 500.0, 500.0, 500.0, 500.0, 500.0, 500.0, 500.0, 500.0, 500.0, 500.0, 500.0, 500.0, 500.0, 500.0, 500.0, 500.0, 500.0, 500.0, 500.0, 500.0, 500.0, 500.0, 500.0, 500.0, 500.0, 500.0, 280.0, 500.0, 500.0, 500.0, 500.0, 500.0, 500.0, 500.0, 500.0, 500.0, 500.0, 500.0, 500.0, 500.0, 500.0, 500.0, 303.0, 500.0, 500.0, 500.0, 500.0, 500.0, 500.0, 500.0, 500.0, 500.0, 500.0, 500.0, 172.0, 310.0, 347.0, 500.0, 166.0, 205.0, 500.0, 373.0, 500.0, 500.0]","[500, 500, 500, 500, 500, 500, 500, 385, 500, 500, 500, 500, 425, 500, 500, 500, 193, 300, 500, 500, 500, 324, 500, 500, 500, 500, 500, 500, 500, 500, 500, 500, 500, 500, 500, 500, 500, 500, 500, 500, 500, 500, 500, 500, 500, 500, 500, 500, 500, 500, 500, 500, 500, 500, 500, 500, 500, 500, 500, 500, 500, 500, 280, 500, 500, 500, 500, 500, 500, 500, 500, 500, 500, 500, 500, 500, 500, 500, 303, 500, 500, 500, 500, 500, 500, 500, 500, 500, 500, 500, 172, 310, 347, 500, 166, 205, 500, 373, 500, 500]",0.21790268633449927,0.13343579743345285,0.677365798048807,103168,104000,3371.146,1.201,2395.867,3.096,55.05,67.77499999999999,0.0008789062267169356,4.999999873689376e-05,303.34064,-0.0047513484,303.3454,0.29679906,0.010107151,0.52205956,0.0
500.0,166.0,471.34,471.34,9,1,4000,False,108000,516,27,a611e2d290114e518ada37a42429855c,2020-05-10_09-13-41,1589082221,13.195026159286499,183.86753511428833,29134,skbly7.local,192.168.1.5,183.86753511428833,108000,27,1,00000,0,"[500.0, 412.0, 395.0, 486.0, 391.0, 422.0, 414.0, 500.0, 449.0, 300.0, 500.0, 500.0, 500.0, 324.0, 500.0, 500.0, 500.0, 500.0, 500.0, 500.0, 500.0, 500.0, 500.0, 500.0, 500.0, 500.0, 500.0, 500.0, 500.0, 500.0, 500.0, 500.0, 500.0, 500.0, 500.0, 500.0, 500.0, 500.0, 500.0, 500.0, 500.0, 500.0, 500.0, 500.0, 500.0, 500.0, 500.0, 500.0, 500.0, 500.0, 500.0, 500.0, 500.0, 500.0, 280.0, 500.0, 500.0, 500.0, 500.0, 500.0, 500.0, 500.0, 500.0, 500.0, 500.0, 500.0, 500.0, 500.0, 500.0, 500.0, 303.0, 500.0, 500.0, 500.0, 500.0, 500.0, 500.0, 500.0, 500.0, 500.0, 500.0, 500.0, 172.0, 310.0, 347.0, 500.0, 166.0, 205.0, 500.0, 373.0, 500.0, 500.0, 500.0, 500.0, 500.0, 500.0, 500.0, 500.0, 500.0, 385.0]","[500, 412, 395, 486, 391, 422, 414, 500, 449, 300, 500, 500, 500, 324, 500, 500, 500, 500, 500, 500, 500, 500, 500, 500, 500, 500, 500, 500, 500, 500, 500, 500, 500, 500, 500, 500, 500, 500, 500, 500, 500, 500, 500, 500, 500, 500, 500, 500, 500, 500, 500, 500, 500, 500, 280, 500, 500, 500, 500, 500, 500, 500, 500, 500, 500, 500, 500, 500, 500, 500, 303, 500, 500, 500, 500, 500, 500, 500, 500, 500, 500, 500, 172, 310, 347, 500, 166, 205, 500, 373, 500, 500, 500, 500, 500, 500, 500, 500, 500, 385]",0.2148823117751275,0.133023967412498,0.6764770832003103,107136,108000,4100.095,1.196,2419.912,3.111,41.5,67.46842105263158,0.0008789062267169356,4.999999873689376e-05,76.03637,-0.002369596,76.03872,0.8655098,0.013862596,0.536017,0.0
500.0,166.0,473.05,473.05,8,1,4000,False,112000,524,28,a611e2d290114e518ada37a42429855c,2020-05-10_09-13-48,1589082228,6.270617723464966,190.1381528377533,29134,skbly7.local,192.168.1.5,190.1381528377533,112000,28,1,00000,0,"[500.0, 500.0, 295.0, 500.0, 500.0, 500.0, 500.0, 500.0, 500.0, 500.0, 500.0, 500.0, 500.0, 500.0, 500.0, 500.0, 500.0, 500.0, 500.0, 500.0, 500.0, 500.0, 500.0, 500.0, 500.0, 500.0, 500.0, 500.0, 500.0, 500.0, 500.0, 500.0, 500.0, 500.0, 500.0, 500.0, 500.0, 500.0, 500.0, 500.0, 500.0, 500.0, 500.0, 500.0, 500.0, 280.0, 500.0, 500.0, 500.0, 500.0, 500.0, 500.0, 500.0, 500.0, 500.0, 500.0, 500.0, 500.0, 500.0, 500.0, 500.0, 303.0, 500.0, 500.0, 500.0, 500.0, 500.0, 500.0, 500.0, 500.0, 500.0, 500.0, 500.0, 172.0, 310.0, 347.0, 500.0, 166.0, 205.0, 500.0, 373.0, 500.0, 500.0, 500.0, 500.0, 500.0, 500.0, 500.0, 500.0, 500.0, 385.0, 500.0, 412.0, 395.0, 486.0, 391.0, 422.0, 414.0, 500.0, 449.0]","[500, 500, 295, 500, 500, 500, 500, 500, 500, 500, 500, 500, 500, 500, 500, 500, 500, 500, 500, 500, 500, 500, 500, 500, 500, 500, 500, 500, 500, 500, 500, 500, 500, 500, 500, 500, 500, 500, 500, 500, 500, 500, 500, 500, 500, 280, 500, 500, 500, 500, 500, 500, 500, 500, 500, 500, 500, 500, 500, 500, 500, 303, 500, 500, 500, 500, 500, 500, 500, 500, 500, 500, 500, 172, 310, 347, 500, 166, 205, 500, 373, 500, 500, 500, 500, 500, 500, 500, 500, 500, 385, 500, 412, 395, 486, 391, 422, 414, 500, 449]",0.2126864356749791,0.1327418181864189,0.6759250729302149,111104,112000,4126.442,1.215,2438.859,3.115,59.3111111111111,68.12222222222223,0.0008789062267169356,4.999999873689376e-05,435.7485,-0.0029041448,435.75137,0.2581997,0.009253382,0.49895042,0.0
500.0,166.0,471.1,471.1,9,1,4000,False,116000,533,29,a611e2d290114e518ada37a42429855c,2020-05-10_09-13-53,1589082233,5.62834095954895,195.76649379730225,29134,skbly7.local,192.168.1.5,195.76649379730225,116000,29,1,00000,0,"[500.0, 500.0, 500.0, 500.0, 500.0, 492.0, 500.0, 313.0, 500.0, 500.0, 500.0, 500.0, 500.0, 500.0, 500.0, 500.0, 500.0, 500.0, 500.0, 500.0, 500.0, 500.0, 500.0, 500.0, 500.0, 500.0, 500.0, 500.0, 500.0, 500.0, 500.0, 500.0, 500.0, 500.0, 500.0, 500.0, 500.0, 280.0, 500.0, 500.0, 500.0, 500.0, 500.0, 500.0, 500.0, 500.0, 500.0, 500.0, 500.0, 500.0, 500.0, 500.0, 500.0, 303.0, 500.0, 500.0, 500.0, 500.0, 500.0, 500.0, 500.0, 500.0, 500.0, 500.0, 500.0, 172.0, 310.0, 347.0, 500.0, 166.0, 205.0, 500.0, 373.0, 500.0, 500.0, 500.0, 500.0, 500.0, 500.0, 500.0, 500.0, 500.0, 385.0, 500.0, 412.0, 395.0, 486.0, 391.0, 422.0, 414.0, 500.0, 449.0, 500.0, 500.0, 295.0, 500.0, 500.0, 500.0, 500.0, 500.0]","[500, 500, 500, 500, 500, 492, 500, 313, 500, 500, 500, 500, 500, 500, 500, 500, 500, 500, 500, 500, 500, 500, 500, 500, 500, 500, 500, 500, 500, 500, 500, 500, 500, 500, 500, 500, 500, 280, 500, 500, 500, 500, 500, 500, 500, 500, 500, 500, 500, 500, 500, 500, 500, 303, 500, 500, 500, 500, 500, 500, 500, 500, 500, 500, 500, 172, 310, 347, 500, 166, 205, 500, 373, 500, 500, 500, 500, 500, 500, 500, 500, 500, 385, 500, 412, 395, 486, 391, 422, 414, 500, 449, 500, 500, 295, 500, 500, 500, 500, 500]",0.21084206838347586,0.13250728611252743,0.6754248381436321,115072,116000,4108.84,1.209,2433.206,3.12,52.7625,67.65,0.0008789062267169356,4.999999873689376e-05,298.3299,-0.0042047985,298.3341,0.4724048,0.006725916,0.49231258,0.0
500.0,166.0,471.1,471.1,8,1,4000,False,120000,541,30,a611e2d290114e518ada37a42429855c,2020-05-10_09-13-59,1589082239,5.6047282218933105,201.37122201919556,29134,skbly7.local,192.168.1.5,201.37122201919556,120000,30,1,00000,0,"[500.0, 500.0, 500.0, 500.0, 500.0, 500.0, 500.0, 500.0, 500.0, 500.0, 500.0, 500.0, 500.0, 500.0, 500.0, 500.0, 500.0, 500.0, 500.0, 500.0, 500.0, 500.0, 500.0, 500.0, 500.0, 500.0, 500.0, 500.0, 280.0, 500.0, 500.0, 500.0, 500.0, 500.0, 500.0, 500.0, 500.0, 500.0, 500.0, 500.0, 500.0, 500.0, 500.0, 500.0, 303.0, 500.0, 500.0, 500.0, 500.0, 500.0, 500.0, 500.0, 500.0, 500.0, 500.0, 500.0, 172.0, 310.0, 347.0, 500.0, 166.0, 205.0, 500.0, 373.0, 500.0, 500.0, 500.0, 500.0, 500.0, 500.0, 500.0, 500.0, 500.0, 385.0, 500.0, 412.0, 395.0, 486.0, 391.0, 422.0, 414.0, 500.0, 449.0, 500.0, 500.0, 295.0, 500.0, 500.0, 500.0, 500.0, 500.0, 500.0, 500.0, 500.0, 500.0, 500.0, 492.0, 500.0, 313.0, 500.0]","[500, 500, 500, 500, 500, 500, 500, 500, 500, 500, 500, 500, 500, 500, 500, 500, 500, 500, 500, 500, 500, 500, 500, 500, 500, 500, 500, 500, 280, 500, 500, 500, 500, 500, 500, 500, 500, 500, 500, 500, 500, 500, 500, 500, 303, 500, 500, 500, 500, 500, 500, 500, 500, 500, 500, 500, 172, 310, 347, 500, 166, 205, 500, 373, 500, 500, 500, 500, 500, 500, 500, 500, 500, 385, 500, 412, 395, 486, 391, 422, 414, 500, 449, 500, 500, 295, 500, 500, 500, 500, 500, 500, 500, 500, 500, 500, 492, 500, 313, 500]",0.20960287357758564,0.13233255702612506,0.6749826018897891,119040,120000,4098.845,1.202,2419.698,3.077,50.7,67.3625,0.0008789062267169356,4.999999873689376e-05,229.47484,-0.0012731085,229.4761,0.58466095,0.009534235,0.45838398,0.0
500.0,166.0,471.1,471.1,8,1,4000,False,124000,549,31,a611e2d290114e518ada37a42429855c,2020-05-10_09-14-05,1589082245,6.0415732860565186,207.41279530525208,29134,skbly7.local,192.168.1.5,207.41279530525208,124000,31,1,00000,0,"[500.0, 500.0, 500.0, 500.0, 500.0, 500.0, 500.0, 500.0, 500.0, 500.0, 500.0, 500.0, 500.0, 500.0, 500.0, 500.0, 500.0, 500.0, 500.0, 500.0, 280.0, 500.0, 500.0, 500.0, 500.0, 500.0, 500.0, 500.0, 500.0, 500.0, 500.0, 500.0, 500.0, 500.0, 500.0, 500.0, 303.0, 500.0, 500.0, 500.0, 500.0, 500.0, 500.0, 500.0, 500.0, 500.0, 500.0, 500.0, 172.0, 310.0, 347.0, 500.0, 166.0, 205.0, 500.0, 373.0, 500.0, 500.0, 500.0, 500.0, 500.0, 500.0, 500.0, 500.0, 500.0, 385.0, 500.0, 412.0, 395.0, 486.0, 391.0, 422.0, 414.0, 500.0, 449.0, 500.0, 500.0, 295.0, 500.0, 500.0, 500.0, 500.0, 500.0, 500.0, 500.0, 500.0, 500.0, 500.0, 492.0, 500.0, 313.0, 500.0, 500.0, 500.0, 500.0, 500.0, 500.0, 500.0, 500.0, 500.0]","[500, 500, 500, 500, 500, 500, 500, 500, 500, 500, 500, 500, 500, 500, 500, 500, 500, 500, 500, 500, 280, 500, 500, 500, 500, 500, 500, 500, 500, 500, 500, 500, 500, 500, 500, 500, 303, 500, 500, 500, 500, 500, 500, 500, 500, 500, 500, 500, 172, 310, 347, 500, 166, 205, 500, 373, 500, 500, 500, 500, 500, 500, 500, 500, 500, 385, 500, 412, 395, 486, 391, 422, 414, 500, 449, 500, 500, 295, 500, 500, 500, 500, 500, 500, 500, 500, 500, 500, 492, 500, 313, 500, 500, 500, 500, 500, 500, 500, 500, 500]",0.20868629317650167,0.1322101534871469,0.6745843641155463,123008,124000,4138.938,1.208,2430.258,3.116,54.4125,68.35,0.0008789062267169356,4.999999873689376e-05,209.88765,-0.0036382256,209.89128,0.637847,0.011253906,0.45327154,0.0
500.0,166.0,471.1,471.1,8,1,4000,False,128000,557,32,a611e2d290114e518ada37a42429855c,2020-05-10_09-14-13,1589082253,7.817201137542725,215.2299964427948,29134,skbly7.local,192.168.1.5,215.2299964427948,128000,32,1,00000,0,"[500.0, 500.0, 500.0, 500.0, 500.0, 500.0, 500.0, 500.0, 500.0, 500.0, 500.0, 500.0, 280.0, 500.0, 500.0, 500.0, 500.0, 500.0, 500.0, 500.0, 500.0, 500.0, 500.0, 500.0, 500.0, 500.0, 500.0, 500.0, 303.0, 500.0, 500.0, 500.0, 500.0, 500.0, 500.0, 500.0, 500.0, 500.0, 500.0, 500.0, 172.0, 310.0, 347.0, 500.0, 166.0, 205.0, 500.0, 373.0, 500.0, 500.0, 500.0, 500.0, 500.0, 500.0, 500.0, 500.0, 500.0, 385.0, 500.0, 412.0, 395.0, 486.0, 391.0, 422.0, 414.0, 500.0, 449.0, 500.0, 500.0, 295.0, 500.0, 500.0, 500.0, 500.0, 500.0, 500.0, 500.0, 500.0, 500.0, 500.0, 492.0, 500.0, 313.0, 500.0, 500.0, 500.0, 500.0, 500.0, 500.0, 500.0, 500.0, 500.0, 500.0, 500.0, 500.0, 500.0, 500.0, 500.0, 500.0, 500.0]","[500, 500, 500, 500, 500, 500, 500, 500, 500, 500, 500, 500, 280, 500, 500, 500, 500, 500, 500, 500, 500, 500, 500, 500, 500, 500, 500, 500, 303, 500, 500, 500, 500, 500, 500, 500, 500, 500, 500, 500, 172, 310, 347, 500, 166, 205, 500, 373, 500, 500, 500, 500, 500, 500, 500, 500, 500, 385, 500, 412, 395, 486, 391, 422, 414, 500, 449, 500, 500, 295, 500, 500, 500, 500, 500, 500, 500, 500, 500, 500, 492, 500, 313, 500, 500, 500, 500, 500, 500, 500, 500, 500, 500, 500, 500, 500, 500, 500, 500, 500]",0.20805813920362837,0.13213662709673257,0.6743766018564125,126976,128000,4140.681,1.228,2618.323,3.208,66.76666666666667,68.60833333333333,0.0008789062267169356,4.999999873689376e-05,574.6522,-0.0007302446,574.65295,0.08452093,0.008274265,0.44536364,0.0
500.0,166.0,473.3,473.3,8,1,4000,False,132000,565,33,a611e2d290114e518ada37a42429855c,2020-05-10_09-14-21,1589082261,7.54640007019043,222.77639651298523,29134,skbly7.local,192.168.1.5,222.77639651298523,132000,33,1,00000,0,"[500.0, 500.0, 500.0, 500.0, 500.0, 500.0, 500.0, 500.0, 500.0, 500.0, 500.0, 500.0, 500.0, 500.0, 500.0, 500.0, 500.0, 500.0, 500.0, 500.0, 303.0, 500.0, 500.0, 500.0, 500.0, 500.0, 500.0, 500.0, 500.0, 500.0, 500.0, 500.0, 172.0, 310.0, 347.0, 500.0, 166.0, 205.0, 500.0, 373.0, 500.0, 500.0, 500.0, 500.0, 500.0, 500.0, 500.0, 500.0, 500.0, 385.0, 500.0, 412.0, 395.0, 486.0, 391.0, 422.0, 414.0, 500.0, 449.0, 500.0, 500.0, 295.0, 500.0, 500.0, 500.0, 500.0, 500.0, 500.0, 500.0, 500.0, 500.0, 500.0, 492.0, 500.0, 313.0, 500.0, 500.0, 500.0, 500.0, 500.0, 500.0, 500.0, 500.0, 500.0, 500.0, 500.0, 500.0, 500.0, 500.0, 500.0, 500.0, 500.0, 500.0, 500.0, 500.0, 500.0, 500.0, 500.0, 500.0, 500.0]","[500, 500, 500, 500, 500, 500, 500, 500, 500, 500, 500, 500, 500, 500, 500, 500, 500, 500, 500, 500, 303, 500, 500, 500, 500, 500, 500, 500, 500, 500, 500, 500, 172, 310, 347, 500, 166, 205, 500, 373, 500, 500, 500, 500, 500, 500, 500, 500, 500, 385, 500, 412, 395, 486, 391, 422, 414, 500, 449, 500, 500, 295, 500, 500, 500, 500, 500, 500, 500, 500, 500, 500, 492, 500, 313, 500, 500, 500, 500, 500, 500, 500, 500, 500, 500, 500, 500, 500, 500, 500, 500, 500, 500, 500, 500, 500, 500, 500, 500, 500]",0.20771158125280162,0.13219980512127782,0.6751127825398296,130944,132000,4303.714,1.268,2624.526,3.936,67.65454545454546,69.81818181818183,0.0008789062267169356,4.999999873689376e-05,543.8979,-0.0031917056,543.90106,0.074594416,0.004652843,0.43993515,0.0
500.0,166.0,473.3,473.3,8,1,4000,False,136000,573,34,a611e2d290114e518ada37a42429855c,2020-05-10_09-14-27,1589082267,6.3999481201171875,229.17634463310242,29134,skbly7.local,192.168.1.5,229.17634463310242,136000,34,1,00000,0,"[500.0, 500.0, 500.0, 500.0, 500.0, 500.0, 500.0, 500.0, 500.0, 500.0, 500.0, 500.0, 303.0, 500.0, 500.0, 500.0, 500.0, 500.0, 500.0, 500.0, 500.0, 500.0, 500.0, 500.0, 172.0, 310.0, 347.0, 500.0, 166.0, 205.0, 500.0, 373.0, 500.0, 500.0, 500.0, 500.0, 500.0, 500.0, 500.0, 500.0, 500.0, 385.0, 500.0, 412.0, 395.0, 486.0, 391.0, 422.0, 414.0, 500.0, 449.0, 500.0, 500.0, 295.0, 500.0, 500.0, 500.0, 500.0, 500.0, 500.0, 500.0, 500.0, 500.0, 500.0, 492.0, 500.0, 313.0, 500.0, 500.0, 500.0, 500.0, 500.0, 500.0, 500.0, 500.0, 500.0, 500.0, 500.0, 500.0, 500.0, 500.0, 500.0, 500.0, 500.0, 500.0, 500.0, 500.0, 500.0, 500.0, 500.0, 500.0, 500.0, 500.0, 500.0, 500.0, 500.0, 500.0, 500.0, 500.0, 500.0]","[500, 500, 500, 500, 500, 500, 500, 500, 500, 500, 500, 500, 303, 500, 500, 500, 500, 500, 500, 500, 500, 500, 500, 500, 172, 310, 347, 500, 166, 205, 500, 373, 500, 500, 500, 500, 500, 500, 500, 500, 500, 385, 500, 412, 395, 486, 391, 422, 414, 500, 449, 500, 500, 295, 500, 500, 500, 500, 500, 500, 500, 500, 500, 500, 492, 500, 313, 500, 500, 500, 500, 500, 500, 500, 500, 500, 500, 500, 500, 500, 500, 500, 500, 500, 500, 500, 500, 500, 500, 500, 500, 500, 500, 500, 500, 500, 500, 500, 500, 500]",0.2075722194153446,0.13228713857236613,0.6758692482567994,134912,136000,4329.687,1.28,2649.332,4.111,61.633333333333326,67.06666666666666,0.0004394531133584678,4.999999873689376e-05,388.48862,-0.0053694723,388.494,0.29889318,0.0059136143,0.45014244,0.0
500.0,166.0,475.27,475.27,8,1,4000,False,140000,581,35,a611e2d290114e518ada37a42429855c,2020-05-10_09-14-33,1589082273,6.358268976211548,235.53461360931396,29134,skbly7.local,192.168.1.5,235.53461360931396,140000,35,1,00000,0,"[500.0, 500.0, 500.0, 500.0, 500.0, 500.0, 500.0, 500.0, 500.0, 500.0, 500.0, 500.0, 500.0, 500.0, 500.0, 500.0, 172.0, 310.0, 347.0, 500.0, 166.0, 205.0, 500.0, 373.0, 500.0, 500.0, 500.0, 500.0, 500.0, 500.0, 500.0, 500.0, 500.0, 385.0, 500.0, 412.0, 395.0, 486.0, 391.0, 422.0, 414.0, 500.0, 449.0, 500.0, 500.0, 295.0, 500.0, 500.0, 500.0, 500.0, 500.0, 500.0, 500.0, 500.0, 500.0, 500.0, 492.0, 500.0, 313.0, 500.0, 500.0, 500.0, 500.0, 500.0, 500.0, 500.0, 500.0, 500.0, 500.0, 500.0, 500.0, 500.0, 500.0, 500.0, 500.0, 500.0, 500.0, 500.0, 500.0, 500.0, 500.0, 500.0, 500.0, 500.0, 500.0, 500.0, 500.0, 500.0, 500.0, 500.0, 500.0, 500.0, 500.0, 500.0, 500.0, 500.0, 500.0, 500.0, 500.0, 500.0]","[500, 500, 500, 500, 500, 500, 500, 500, 500, 500, 500, 500, 500, 500, 500, 500, 172, 310, 347, 500, 166, 205, 500, 373, 500, 500, 500, 500, 500, 500, 500, 500, 500, 385, 500, 412, 395, 486, 391, 422, 414, 500, 449, 500, 500, 295, 500, 500, 500, 500, 500, 500, 500, 500, 500, 500, 492, 500, 313, 500, 500, 500, 500, 500, 500, 500, 500, 500, 500, 500, 500, 500, 500, 500, 500, 500, 500, 500, 500, 500, 500, 500, 500, 500, 500, 500, 500, 500, 500, 500, 500, 500, 500, 500, 500, 500, 500, 500, 500, 500]",0.20756820219926836,0.13241589775961782,0.6767692277109397,138880,140000,4385.736,1.266,2672.02,4.179,62.71111111111112,67.32222222222222,0.0004394531133584678,4.999999873689376e-05,479.1192,-0.00091838883,479.12018,0.14066347,0.007260231,0.4332531,0.0
500.0,166.0,475.27,475.27,8,1,4000,False,144000,589,36,a611e2d290114e518ada37a42429855c,2020-05-10_09-14-39,1589082279,5.807354927062988,241.34196853637695,29134,skbly7.local,192.168.1.5,241.34196853637695,144000,36,1,00000,0,"[500.0, 500.0, 500.0, 500.0, 500.0, 500.0, 500.0, 500.0, 172.0, 310.0, 347.0, 500.0, 166.0, 205.0, 500.0, 373.0, 500.0, 500.0, 500.0, 500.0, 500.0, 500.0, 500.0, 500.0, 500.0, 385.0, 500.0, 412.0, 395.0, 486.0, 391.0, 422.0, 414.0, 500.0, 449.0, 500.0, 500.0, 295.0, 500.0, 500.0, 500.0, 500.0, 500.0, 500.0, 500.0, 500.0, 500.0, 500.0, 492.0, 500.0, 313.0, 500.0, 500.0, 500.0, 500.0, 500.0, 500.0, 500.0, 500.0, 500.0, 500.0, 500.0, 500.0, 500.0, 500.0, 500.0, 500.0, 500.0, 500.0, 500.0, 500.0, 500.0, 500.0, 500.0, 500.0, 500.0, 500.0, 500.0, 500.0, 500.0, 500.0, 500.0, 500.0, 500.0, 500.0, 500.0, 500.0, 500.0, 500.0, 500.0, 500.0, 500.0, 500.0, 500.0, 500.0, 500.0, 500.0, 500.0, 500.0, 500.0]","[500, 500, 500, 500, 500, 500, 500, 500, 172, 310, 347, 500, 166, 205, 500, 373, 500, 500, 500, 500, 500, 500, 500, 500, 500, 385, 500, 412, 395, 486, 391, 422, 414, 500, 449, 500, 500, 295, 500, 500, 500, 500, 500, 500, 500, 500, 500, 500, 492, 500, 313, 500, 500, 500, 500, 500, 500, 500, 500, 500, 500, 500, 500, 500, 500, 500, 500, 500, 500, 500, 500, 500, 500, 500, 500, 500, 500, 500, 500, 500, 500, 500, 500, 500, 500, 500, 500, 500, 500, 500, 500, 500, 500, 500, 500, 500, 500, 500, 500, 500]",0.20772027442542065,0.1325602800850926,0.6776819553008289,142848,144000,4380.813,1.472,2676.77,4.062,54.0125,67.9125,0.0004394531133584678,4.999999873689376e-05,308.42865,-0.0023467292,308.43094,0.39605978,0.006068517,0.43646404,0.0
500.0,295.0,489.54,489.54,8,1,4000,False,148000,597,37,a611e2d290114e518ada37a42429855c,2020-05-10_09-14-46,1589082286,6.598410129547119,247.94037866592407,29134,skbly7.local,192.168.1.5,247.94037866592407,148000,37,1,00000,0,"[500.0, 500.0, 500.0, 500.0, 500.0, 500.0, 500.0, 500.0, 500.0, 500.0, 500.0, 500.0, 500.0, 500.0, 500.0, 500.0, 500.0, 385.0, 500.0, 412.0, 395.0, 486.0, 391.0, 422.0, 414.0, 500.0, 449.0, 500.0, 500.0, 295.0, 500.0, 500.0, 500.0, 500.0, 500.0, 500.0, 500.0, 500.0, 500.0, 500.0, 492.0, 500.0, 313.0, 500.0, 500.0, 500.0, 500.0, 500.0, 500.0, 500.0, 500.0, 500.0, 500.0, 500.0, 500.0, 500.0, 500.0, 500.0, 500.0, 500.0, 500.0, 500.0, 500.0, 500.0, 500.0, 500.0, 500.0, 500.0, 500.0, 500.0, 500.0, 500.0, 500.0, 500.0, 500.0, 500.0, 500.0, 500.0, 500.0, 500.0, 500.0, 500.0, 500.0, 500.0, 500.0, 500.0, 500.0, 500.0, 500.0, 500.0, 500.0, 500.0, 500.0, 500.0, 500.0, 500.0, 500.0, 500.0, 500.0, 500.0]","[500, 500, 500, 500, 500, 500, 500, 500, 500, 500, 500, 500, 500, 500, 500, 500, 500, 385, 500, 412, 395, 486, 391, 422, 414, 500, 449, 500, 500, 295, 500, 500, 500, 500, 500, 500, 500, 500, 500, 500, 492, 500, 313, 500, 500, 500, 500, 500, 500, 500, 500, 500, 500, 500, 500, 500, 500, 500, 500, 500, 500, 500, 500, 500, 500, 500, 500, 500, 500, 500, 500, 500, 500, 500, 500, 500, 500, 500, 500, 500, 500, 500, 500, 500, 500, 500, 500, 500, 500, 500, 500, 500, 500, 500, 500, 500, 500, 500, 500, 500]",0.2079795120471301,0.1327422337688947,0.6787992465340038,146816,148000,3687.316,1.5,2709.778,4.648,63.419999999999995,67.83,0.0004394531133584678,4.999999873689376e-05,529.76,-0.0014347933,529.7615,0.0704338,0.0042659887,0.4337327,0.0
500.0,295.0,489.54,489.54,8,1,4000,False,152000,605,38,a611e2d290114e518ada37a42429855c,2020-05-10_09-14-53,1589082293,6.8795859813690186,254.8199646472931,29134,skbly7.local,192.168.1.5,254.8199646472931,152000,38,1,00000,0,"[500.0, 500.0, 500.0, 500.0, 500.0, 500.0, 500.0, 500.0, 500.0, 385.0, 500.0, 412.0, 395.0, 486.0, 391.0, 422.0, 414.0, 500.0, 449.0, 500.0, 500.0, 295.0, 500.0, 500.0, 500.0, 500.0, 500.0, 500.0, 500.0, 500.0, 500.0, 500.0, 492.0, 500.0, 313.0, 500.0, 500.0, 500.0, 500.0, 500.0, 500.0, 500.0, 500.0, 500.0, 500.0, 500.0, 500.0, 500.0, 500.0, 500.0, 500.0, 500.0, 500.0, 500.0, 500.0, 500.0, 500.0, 500.0, 500.0, 500.0, 500.0, 500.0, 500.0, 500.0, 500.0, 500.0, 500.0, 500.0, 500.0, 500.0, 500.0, 500.0, 500.0, 500.0, 500.0, 500.0, 500.0, 500.0, 500.0, 500.0, 500.0, 500.0, 500.0, 500.0, 500.0, 500.0, 500.0, 500.0, 500.0, 500.0, 500.0, 500.0, 500.0, 500.0, 500.0, 500.0, 500.0, 500.0, 500.0, 500.0]","[500, 500, 500, 500, 500, 500, 500, 500, 500, 385, 500, 412, 395, 486, 391, 422, 414, 500, 449, 500, 500, 295, 500, 500, 500, 500, 500, 500, 500, 500, 500, 500, 492, 500, 313, 500, 500, 500, 500, 500, 500, 500, 500, 500, 500, 500, 500, 500, 500, 500, 500, 500, 500, 500, 500, 500, 500, 500, 500, 500, 500, 500, 500, 500, 500, 500, 500, 500, 500, 500, 500, 500, 500, 500, 500, 500, 500, 500, 500, 500, 500, 500, 500, 500, 500, 500, 500, 500, 500, 500, 500, 500, 500, 500, 500, 500, 500, 500, 500, 500]",0.20828727212113265,0.1329580723676123,0.6801550108441552,150784,152000,3741.389,1.495,2716.493,4.693,67.56,65.08,0.0002197265566792339,4.999999873689376e-05,428.75046,-0.0021730545,428.75262,0.19362798,0.0027878475,0.44856846,0.0
500.0,295.0,494.63,494.63,8,1,4000,False,156000,613,39,a611e2d290114e518ada37a42429855c,2020-05-10_09-15-00,1589082300,7.032205104827881,261.852169752121,29134,skbly7.local,192.168.1.5,261.852169752121,156000,39,1,00000,0,"[500.0, 500.0, 500.0, 500.0, 500.0, 500.0, 500.0, 500.0, 414.0, 500.0, 449.0, 500.0, 500.0, 295.0, 500.0, 500.0, 500.0, 500.0, 500.0, 500.0, 500.0, 500.0, 500.0, 500.0, 492.0, 500.0, 313.0, 500.0, 500.0, 500.0, 500.0, 500.0, 500.0, 500.0, 500.0, 500.0, 500.0, 500.0, 500.0, 500.0, 500.0, 500.0, 500.0, 500.0, 500.0, 500.0, 500.0, 500.0, 500.0, 500.0, 500.0, 500.0, 500.0, 500.0, 500.0, 500.0, 500.0, 500.0, 500.0, 500.0, 500.0, 500.0, 500.0, 500.0, 500.0, 500.0, 500.0, 500.0, 500.0, 500.0, 500.0, 500.0, 500.0, 500.0, 500.0, 500.0, 500.0, 500.0, 500.0, 500.0, 500.0, 500.0, 500.0, 500.0, 500.0, 500.0, 500.0, 500.0, 500.0, 500.0, 500.0, 500.0, 500.0, 500.0, 500.0, 500.0, 500.0, 500.0, 500.0, 500.0]","[500, 500, 500, 500, 500, 500, 500, 500, 414, 500, 449, 500, 500, 295, 500, 500, 500, 500, 500, 500, 500, 500, 500, 500, 492, 500, 313, 500, 500, 500, 500, 500, 500, 500, 500, 500, 500, 500, 500, 500, 500, 500, 500, 500, 500, 500, 500, 500, 500, 500, 500, 500, 500, 500, 500, 500, 500, 500, 500, 500, 500, 500, 500, 500, 500, 500, 500, 500, 500, 500, 500, 500, 500, 500, 500, 500, 500, 500, 500, 500, 500, 500, 500, 500, 500, 500, 500, 500, 500, 500, 500, 500, 500, 500, 500, 500, 500, 500, 500, 500]",0.20510244038640407,0.1329104048587194,0.6817462074370176,154752,156000,3824.971,1.507,2773.178,4.715,65.91,67.89,0.00010986327833961695,4.999999873689376e-05,433.0287,-0.004917237,433.03366,0.16824803,0.008285758,0.44070396,0.0
500.0,313.0,498.05,498.05,8,1,4000,False,160000,621,40,a611e2d290114e518ada37a42429855c,2020-05-10_09-15-06,1589082306,6.029088020324707,267.8812577724457,29134,skbly7.local,192.168.1.5,267.8812577724457,160000,40,1,00000,0,"[500.0, 500.0, 500.0, 500.0, 500.0, 500.0, 500.0, 500.0, 500.0, 500.0, 500.0, 500.0, 500.0, 500.0, 500.0, 500.0, 492.0, 500.0, 313.0, 500.0, 500.0, 500.0, 500.0, 500.0, 500.0, 500.0, 500.0, 500.0, 500.0, 500.0, 500.0, 500.0, 500.0, 500.0, 500.0, 500.0, 500.0, 500.0, 500.0, 500.0, 500.0, 500.0, 500.0, 500.0, 500.0, 500.0, 500.0, 500.0, 500.0, 500.0, 500.0, 500.0, 500.0, 500.0, 500.0, 500.0, 500.0, 500.0, 500.0, 500.0, 500.0, 500.0, 500.0, 500.0, 500.0, 500.0, 500.0, 500.0, 500.0, 500.0, 500.0, 500.0, 500.0, 500.0, 500.0, 500.0, 500.0, 500.0, 500.0, 500.0, 500.0, 500.0, 500.0, 500.0, 500.0, 500.0, 500.0, 500.0, 500.0, 500.0, 500.0, 500.0, 500.0, 500.0, 500.0, 500.0, 500.0, 500.0, 500.0, 500.0]","[500, 500, 500, 500, 500, 500, 500, 500, 500, 500, 500, 500, 500, 500, 500, 500, 492, 500, 313, 500, 500, 500, 500, 500, 500, 500, 500, 500, 500, 500, 500, 500, 500, 500, 500, 500, 500, 500, 500, 500, 500, 500, 500, 500, 500, 500, 500, 500, 500, 500, 500, 500, 500, 500, 500, 500, 500, 500, 500, 500, 500, 500, 500, 500, 500, 500, 500, 500, 500, 500, 500, 500, 500, 500, 500, 500, 500, 500, 500, 500, 500, 500, 500, 500, 500, 500, 500, 500, 500, 500, 500, 500, 500, 500, 500, 500, 500, 500, 500, 500]",0.20086620812077455,0.13277627975552408,0.6833418558421306,158720,160000,3867.976,1.521,2772.52,4.788,58.05,66.7875,0.00010986327833961695,4.999999873689376e-05,555.6,-0.0020323794,555.6019,0.03919362,0.006386788,0.45542645,0.0
500.0,313.0,498.05,498.05,8,1,4000,False,164000,629,41,a611e2d290114e518ada37a42429855c,2020-05-10_09-15-12,1589082312,5.786343812942505,273.6676015853882,29134,skbly7.local,192.168.1.5,273.6676015853882,164000,41,1,00000,0,"[500.0, 500.0, 500.0, 500.0, 500.0, 500.0, 500.0, 500.0, 492.0, 500.0, 313.0, 500.0, 500.0, 500.0, 500.0, 500.0, 500.0, 500.0, 500.0, 500.0, 500.0, 500.0, 500.0, 500.0, 500.0, 500.0, 500.0, 500.0, 500.0, 500.0, 500.0, 500.0, 500.0, 500.0, 500.0, 500.0, 500.0, 500.0, 500.0, 500.0, 500.0, 500.0, 500.0, 500.0, 500.0, 500.0, 500.0, 500.0, 500.0, 500.0, 500.0, 500.0, 500.0, 500.0, 500.0, 500.0, 500.0, 500.0, 500.0, 500.0, 500.0, 500.0, 500.0, 500.0, 500.0, 500.0, 500.0, 500.0, 500.0, 500.0, 500.0, 500.0, 500.0, 500.0, 500.0, 500.0, 500.0, 500.0, 500.0, 500.0, 500.0, 500.0, 500.0, 500.0, 500.0, 500.0, 500.0, 500.0, 500.0, 500.0, 500.0, 500.0, 500.0, 500.0, 500.0, 500.0, 500.0, 500.0, 500.0, 500.0]","[500, 500, 500, 500, 500, 500, 500, 500, 492, 500, 313, 500, 500, 500, 500, 500, 500, 500, 500, 500, 500, 500, 500, 500, 500, 500, 500, 500, 500, 500, 500, 500, 500, 500, 500, 500, 500, 500, 500, 500, 500, 500, 500, 500, 500, 500, 500, 500, 500, 500, 500, 500, 500, 500, 500, 500, 500, 500, 500, 500, 500, 500, 500, 500, 500, 500, 500, 500, 500, 500, 500, 500, 500, 500, 500, 500, 500, 500, 500, 500, 500, 500, 500, 500, 500, 500, 500, 500, 500, 500, 500, 500, 500, 500, 500, 500, 500, 500, 500, 500]",0.19687692521697023,0.13266084407507417,0.6849217559059807,162688,164000,3855.315,1.521,2759.73,4.772,55.75555555555556,67.07777777777778,0.00010986327833961695,4.999999873689376e-05,508.0034,-0.0016478101,508.0051,0.0889482,0.0023900962,0.44373485,0.0
500.0,500.0,500.0,500.0,8,1,4000,True,168000,637,42,a611e2d290114e518ada37a42429855c,2020-05-10_09-15-18,1589082318,6.076743841171265,279.74434542655945,29134,skbly7.local,192.168.1.5,279.74434542655945,168000,42,1,00000,0,"[500.0, 500.0, 500.0, 500.0, 500.0, 500.0, 500.0, 500.0, 500.0, 500.0, 500.0, 500.0, 500.0, 500.0, 500.0, 500.0, 500.0, 500.0, 500.0, 500.0, 500.0, 500.0, 500.0, 500.0, 500.0, 500.0, 500.0, 500.0, 500.0, 500.0, 500.0, 500.0, 500.0, 500.0, 500.0, 500.0, 500.0, 500.0, 500.0, 500.0, 500.0, 500.0, 500.0, 500.0, 500.0, 500.0, 500.0, 500.0, 500.0, 500.0, 500.0, 500.0, 500.0, 500.0, 500.0, 500.0, 500.0, 500.0, 500.0, 500.0, 500.0, 500.0, 500.0, 500.0, 500.0, 500.0, 500.0, 500.0, 500.0, 500.0, 500.0, 500.0, 500.0, 500.0, 500.0, 500.0, 500.0, 500.0, 500.0, 500.0, 500.0, 500.0, 500.0, 500.0, 500.0, 500.0, 500.0, 500.0, 500.0, 500.0, 500.0, 500.0, 500.0, 500.0, 500.0, 500.0, 500.0, 500.0, 500.0, 500.0]","[500, 500, 500, 500, 500, 500, 500, 500, 500, 500, 500, 500, 500, 500, 500, 500, 500, 500, 500, 500, 500, 500, 500, 500, 500, 500, 500, 500, 500, 500, 500, 500, 500, 500, 500, 500, 500, 500, 500, 500, 500, 500, 500, 500, 500, 500, 500, 500, 500, 500, 500, 500, 500, 500, 500, 500, 500, 500, 500, 500, 500, 500, 500, 500, 500, 500, 500, 500, 500, 500, 500, 500, 500, 500, 500, 500, 500, 500, 500, 500, 500, 500, 500, 500, 500, 500, 500, 500, 500, 500, 500, 500, 500, 500, 500, 500, 500, 500, 500, 500]",0.19307209803782427,0.13257187645892368,0.6865402184945526,166656,168000,3846.612,1.51,2594.815,4.684,57.325,66.4,5.493163916980848e-05,4.999999873689376e-05,522.485,-0.0022160974,522.48724,0.013643834,0.009825735,0.44079185,0.0
