episode_reward_max,episode_reward_min,episode_reward_mean,episode_len_mean,episodes_this_iter,optimizer_steps_this_iter,timesteps_this_iter,done,timesteps_total,episodes_total,training_iteration,experiment_id,date,timestamp,time_this_iter_s,time_total_s,pid,hostname,node_ip,time_since_restore,timesteps_since_restore,iterations_since_restore,num_healthy_workers,trial_id,experiment_tag,hist_stats/episode_reward,hist_stats/episode_lengths,sampler_perf/mean_env_wait_ms,sampler_perf/mean_processing_ms,sampler_perf/mean_inference_ms,info/num_steps_trained,info/num_steps_sampled,info/num_weight_syncs,info/num_steps_replayed,perf/cpu_util_percent,perf/ram_util_percent,info/timing_breakdown/optimizer_step_time_ms,info/timing_breakdown/learner_grad_time_ms,info/timing_breakdown/learner_load_time_ms,info/timing_breakdown/learner_load_wait_time_ms,info/timing_breakdown/learner_dequeue_time_ms,info/learner_queue/size_count,info/learner_queue/size_mean,info/learner_queue/size_std,info/learner_queue/size_quantiles
28.0,12.0,17.5,17.5,8,1,0,False,0,8,1,88bf67688fb149689b2a23830b782758,2020-05-10_08-43-16,1589080396,11.11337399482727,11.11337399482727,27291,skbly7.local,192.168.1.5,11.11337399482727,0,1,1,00000,0,"[12.0, 12.0, 13.0, 13.0, 24.0, 25.0, 13.0, 28.0]","[12, 12, 13, 13, 24, 25, 13, 28]",22.396098699001286,1.0857992614341887,0.9216062280515961,0,0,1,0,31.575000000000003,68.625,10796.702,0.0,0.0,0.0,0.0,0,nan,nan,[]
173.0,9.0,36.650847457627115,36.650847457627115,295,216,10500,False,10500,303,2,88bf67688fb149689b2a23830b782758,2020-05-10_08-43-26,1589080406,10.11349892616272,21.22687292098999,27291,skbly7.local,192.168.1.5,21.22687292098999,10500,2,1,00000,0,"[21.0, 35.0, 20.0, 18.0, 26.0, 19.0, 11.0, 32.0, 46.0, 37.0, 32.0, 21.0, 17.0, 19.0, 16.0, 13.0, 39.0, 19.0, 21.0, 39.0, 19.0, 24.0, 12.0, 16.0, 11.0, 25.0, 18.0, 24.0, 14.0, 11.0, 12.0, 13.0, 24.0, 23.0, 18.0, 15.0, 17.0, 13.0, 16.0, 16.0, 14.0, 10.0, 14.0, 29.0, 20.0, 17.0, 64.0, 19.0, 14.0, 32.0, 21.0, 21.0, 21.0, 23.0, 14.0, 14.0, 14.0, 28.0, 15.0, 13.0, 18.0, 21.0, 22.0, 18.0, 18.0, 20.0, 12.0, 32.0, 21.0, 29.0, 20.0, 34.0, 14.0, 41.0, 19.0, 38.0, 10.0, 39.0, 14.0, 27.0, 26.0, 48.0, 19.0, 22.0, 10.0, 12.0, 20.0, 10.0, 24.0, 29.0, 87.0, 43.0, 39.0, 25.0, 16.0, 21.0, 28.0, 25.0, 15.0, 26.0, 33.0, 22.0, 15.0, 20.0, 13.0, 64.0, 11.0, 27.0, 17.0, 23.0, 13.0, 15.0, 21.0, 21.0, 49.0, 57.0, 40.0, 9.0, 26.0, 13.0, 13.0, 25.0, 28.0, 42.0, 19.0, 66.0, 42.0, 25.0, 16.0, 48.0, 33.0, 25.0, 22.0, 18.0, 21.0, 25.0, 13.0, 18.0, 21.0, 29.0, 25.0, 77.0, 44.0, 21.0, 47.0, 48.0, 21.0, 14.0, 10.0, 43.0, 57.0, 38.0, 37.0, 20.0, 21.0, 16.0, 38.0, 30.0, 17.0, 30.0, 16.0, 25.0, 28.0, 34.0, 14.0, 50.0, 36.0, 46.0, 28.0, 19.0, 35.0, 19.0, 50.0, 19.0, 26.0, 29.0, 28.0, 28.0, 65.0, 30.0, 22.0, 47.0, 61.0, 54.0, 34.0, 33.0, 37.0, 20.0, 34.0, 22.0, 41.0, 15.0, 25.0, 107.0, 19.0, 47.0, 105.0, 21.0, 63.0, 34.0, 86.0, 25.0, 27.0, 47.0, 15.0, 60.0, 93.0, 82.0, 28.0, 48.0, 26.0, 19.0, 37.0, 31.0, 34.0, 22.0, 21.0, 33.0, 11.0, 35.0, 19.0, 21.0, 84.0, 39.0, 39.0, 29.0, 39.0, 35.0, 34.0, 21.0, 78.0, 52.0, 65.0, 29.0, 31.0, 47.0, 22.0, 80.0, 49.0, 90.0, 28.0, 67.0, 45.0, 100.0, 70.0, 35.0, 45.0, 43.0, 37.0, 44.0, 40.0, 28.0, 45.0, 85.0, 75.0, 35.0, 30.0, 27.0, 42.0, 78.0, 95.0, 117.0, 86.0, 55.0, 42.0, 54.0, 51.0, 78.0, 55.0, 62.0, 109.0, 76.0, 49.0, 104.0, 35.0, 58.0, 59.0, 72.0, 73.0, 173.0, 138.0, 74.0, 126.0, 70.0, 58.0, 65.0, 61.0, 30.0, 82.0, 66.0, 105.0, 121.0, 57.0, 57.0, 68.0]","[21, 35, 20, 18, 26, 19, 11, 32, 46, 37, 32, 21, 17, 19, 16, 13, 39, 19, 21, 39, 19, 24, 12, 16, 11, 25, 18, 24, 14, 11, 12, 13, 24, 23, 18, 15, 17, 13, 16, 16, 14, 10, 14, 29, 20, 17, 64, 19, 14, 32, 21, 21, 21, 23, 14, 14, 14, 28, 15, 13, 18, 21, 22, 18, 18, 20, 12, 32, 21, 29, 20, 34, 14, 41, 19, 38, 10, 39, 14, 27, 26, 48, 19, 22, 10, 12, 20, 10, 24, 29, 87, 43, 39, 25, 16, 21, 28, 25, 15, 26, 33, 22, 15, 20, 13, 64, 11, 27, 17, 23, 13, 15, 21, 21, 49, 57, 40, 9, 26, 13, 13, 25, 28, 42, 19, 66, 42, 25, 16, 48, 33, 25, 22, 18, 21, 25, 13, 18, 21, 29, 25, 77, 44, 21, 47, 48, 21, 14, 10, 43, 57, 38, 37, 20, 21, 16, 38, 30, 17, 30, 16, 25, 28, 34, 14, 50, 36, 46, 28, 19, 35, 19, 50, 19, 26, 29, 28, 28, 65, 30, 22, 47, 61, 54, 34, 33, 37, 20, 34, 22, 41, 15, 25, 107, 19, 47, 105, 21, 63, 34, 86, 25, 27, 47, 15, 60, 93, 82, 28, 48, 26, 19, 37, 31, 34, 22, 21, 33, 11, 35, 19, 21, 84, 39, 39, 29, 39, 35, 34, 21, 78, 52, 65, 29, 31, 47, 22, 80, 49, 90, 28, 67, 45, 100, 70, 35, 45, 43, 37, 44, 40, 28, 45, 85, 75, 35, 30, 27, 42, 78, 95, 117, 86, 55, 42, 54, 51, 78, 55, 62, 109, 76, 49, 104, 35, 58, 59, 72, 73, 173, 138, 74, 126, 70, 58, 65, 61, 30, 82, 66, 105, 121, 57, 57, 68]",0.49809865134053416,0.12915566361781608,0.5813302500509543,10500,10500,218,0,37.199999999999996,68.2,37.211,7.741,0.0,0.0,419.241,21,0.0,0.0,"[0.0, 0.0, 0.0, 0.0, 0.0]"
200.0,30.0,105.96,105.96,86,191,10000,False,20500,389,3,88bf67688fb149689b2a23830b782758,2020-05-10_08-43-37,1589080417,10.116768836975098,31.343641757965088,27291,skbly7.local,192.168.1.5,31.343641757965088,20500,3,1,00000,0,"[96.0, 60.0, 85.0, 97.0, 51.0, 72.0, 75.0, 58.0, 181.0, 109.0, 47.0, 77.0, 72.0, 49.0, 34.0, 79.0, 56.0, 158.0, 94.0, 62.0, 62.0, 58.0, 154.0, 150.0, 113.0, 129.0, 68.0, 98.0, 67.0, 79.0, 151.0, 53.0, 94.0, 126.0, 125.0, 40.0, 139.0, 71.0, 58.0, 87.0, 172.0, 91.0, 82.0, 78.0, 73.0, 152.0, 200.0, 83.0, 172.0, 119.0, 89.0, 122.0, 111.0, 67.0, 103.0, 154.0, 134.0, 67.0, 134.0, 68.0, 130.0, 127.0, 102.0, 133.0, 145.0, 88.0, 117.0, 81.0, 135.0, 159.0, 200.0, 114.0, 71.0, 197.0, 200.0, 119.0, 132.0, 147.0, 194.0, 185.0, 151.0, 152.0, 90.0, 200.0, 182.0, 200.0, 74.0, 126.0, 70.0, 58.0, 65.0, 61.0, 30.0, 82.0, 66.0, 105.0, 121.0, 57.0, 57.0, 68.0]","[96, 60, 85, 97, 51, 72, 75, 58, 181, 109, 47, 77, 72, 49, 34, 79, 56, 158, 94, 62, 62, 58, 154, 150, 113, 129, 68, 98, 67, 79, 151, 53, 94, 126, 125, 40, 139, 71, 58, 87, 172, 91, 82, 78, 73, 152, 200, 83, 172, 119, 89, 122, 111, 67, 103, 154, 134, 67, 134, 68, 130, 127, 102, 133, 145, 88, 117, 81, 135, 159, 200, 114, 71, 197, 200, 119, 132, 147, 194, 185, 151, 152, 90, 200, 182, 200, 74, 126, 70, 58, 65, 61, 30, 82, 66, 105, 121, 57, 57, 68]",0.43129241650786765,0.11255962847879655,0.5834330557658827,20000,20500,410,0,35.23571428571429,68.15,37.753,9.717,0.0,0.0,373.014,41,0.0,0.0,"[0.0, 0.0, 0.0, 0.0, 0.0]"
200.0,71.0,168.77,168.77,77,268,13000,False,33500,466,4,88bf67688fb149689b2a23830b782758,2020-05-10_08-43-47,1589080427,10.108009099960327,41.451650857925415,27291,skbly7.local,192.168.1.5,41.451650857925415,33500,4,1,00000,0,"[149.0, 168.0, 196.0, 200.0, 200.0, 158.0, 139.0, 116.0, 200.0, 200.0, 200.0, 182.0, 179.0, 160.0, 172.0, 200.0, 198.0, 134.0, 200.0, 107.0, 155.0, 163.0, 200.0, 169.0, 126.0, 200.0, 200.0, 200.0, 200.0, 200.0, 200.0, 200.0, 129.0, 162.0, 121.0, 200.0, 200.0, 167.0, 200.0, 146.0, 155.0, 200.0, 129.0, 200.0, 200.0, 200.0, 200.0, 200.0, 200.0, 200.0, 177.0, 196.0, 140.0, 128.0, 163.0, 200.0, 193.0, 149.0, 200.0, 200.0, 178.0, 156.0, 200.0, 200.0, 152.0, 200.0, 154.0, 160.0, 185.0, 140.0, 171.0, 200.0, 129.0, 120.0, 125.0, 189.0, 200.0, 133.0, 145.0, 88.0, 117.0, 81.0, 135.0, 159.0, 200.0, 114.0, 71.0, 197.0, 200.0, 119.0, 132.0, 147.0, 194.0, 185.0, 151.0, 152.0, 90.0, 200.0, 182.0, 200.0]","[149, 168, 196, 200, 200, 158, 139, 116, 200, 200, 200, 182, 179, 160, 172, 200, 198, 134, 200, 107, 155, 163, 200, 169, 126, 200, 200, 200, 200, 200, 200, 200, 129, 162, 121, 200, 200, 167, 200, 146, 155, 200, 129, 200, 200, 200, 200, 200, 200, 200, 177, 196, 140, 128, 163, 200, 193, 149, 200, 200, 178, 156, 200, 200, 152, 200, 154, 160, 185, 140, 171, 200, 129, 120, 125, 189, 200, 133, 145, 88, 117, 81, 135, 159, 200, 114, 71, 197, 200, 119, 132, 147, 194, 185, 151, 152, 90, 200, 182, 200]",0.3083699331933137,0.09996368018193795,0.5817119787670633,33500,33500,679,0,36.34666666666667,67.93333333333332,40.234,7.798,0.0,0.0,365.719,67,0.0,0.0,"[0.0, 0.0, 0.0, 0.0, 0.0]"
200.0,58.0,174.13,174.13,52,180,9500,False,43000,518,5,88bf67688fb149689b2a23830b782758,2020-05-10_08-43-57,1589080437,10.097279071807861,51.548929929733276,27291,skbly7.local,192.168.1.5,51.548929929733276,43000,5,1,00000,0,"[200.0, 120.0, 200.0, 147.0, 58.0, 200.0, 141.0, 147.0, 200.0, 198.0, 200.0, 127.0, 200.0, 200.0, 196.0, 200.0, 156.0, 126.0, 200.0, 200.0, 200.0, 200.0, 132.0, 200.0, 152.0, 160.0, 161.0, 107.0, 200.0, 200.0, 169.0, 110.0, 200.0, 200.0, 200.0, 187.0, 134.0, 154.0, 200.0, 200.0, 89.0, 200.0, 200.0, 114.0, 200.0, 200.0, 200.0, 200.0, 183.0, 200.0, 200.0, 131.0, 200.0, 200.0, 200.0, 129.0, 162.0, 121.0, 200.0, 200.0, 167.0, 200.0, 146.0, 155.0, 200.0, 129.0, 200.0, 200.0, 200.0, 200.0, 200.0, 200.0, 200.0, 177.0, 196.0, 140.0, 128.0, 163.0, 200.0, 193.0, 149.0, 200.0, 200.0, 178.0, 156.0, 200.0, 200.0, 152.0, 200.0, 154.0, 160.0, 185.0, 140.0, 171.0, 200.0, 129.0, 120.0, 125.0, 189.0, 200.0]","[200, 120, 200, 147, 58, 200, 141, 147, 200, 198, 200, 127, 200, 200, 196, 200, 156, 126, 200, 200, 200, 200, 132, 200, 152, 160, 161, 107, 200, 200, 169, 110, 200, 200, 200, 187, 134, 154, 200, 200, 89, 200, 200, 114, 200, 200, 200, 200, 183, 200, 200, 131, 200, 200, 200, 129, 162, 121, 200, 200, 167, 200, 146, 155, 200, 129, 200, 200, 200, 200, 200, 200, 200, 177, 196, 140, 128, 163, 200, 193, 149, 200, 200, 178, 156, 200, 200, 152, 200, 154, 160, 185, 140, 171, 200, 129, 120, 125, 189, 200]",0.2882470329022389,0.09599610346473071,0.5815112736060847,42500,43000,860,0,33.385714285714286,68.3,40.53,7.843,0.0,0.0,696.008,86,0.0,0.0,"[0.0, 0.0, 0.0, 0.0, 0.0]"
200.0,56.0,168.41,168.41,77,255,12500,False,55500,595,6,88bf67688fb149689b2a23830b782758,2020-05-10_08-44-07,1589080447,10.077817916870117,61.626747846603394,27291,skbly7.local,192.168.1.5,61.626747846603394,55500,6,1,00000,0,"[117.0, 200.0, 200.0, 183.0, 200.0, 197.0, 56.0, 154.0, 200.0, 200.0, 191.0, 136.0, 200.0, 200.0, 82.0, 200.0, 200.0, 185.0, 200.0, 200.0, 170.0, 200.0, 184.0, 200.0, 188.0, 176.0, 115.0, 142.0, 200.0, 140.0, 200.0, 200.0, 128.0, 117.0, 200.0, 200.0, 161.0, 200.0, 200.0, 166.0, 114.0, 200.0, 200.0, 200.0, 96.0, 98.0, 200.0, 200.0, 200.0, 136.0, 104.0, 200.0, 163.0, 200.0, 138.0, 147.0, 117.0, 168.0, 107.0, 130.0, 200.0, 200.0, 200.0, 135.0, 113.0, 200.0, 100.0, 99.0, 200.0, 200.0, 63.0, 200.0, 75.0, 200.0, 200.0, 200.0, 79.0, 200.0, 169.0, 110.0, 200.0, 200.0, 200.0, 187.0, 134.0, 154.0, 200.0, 200.0, 89.0, 200.0, 200.0, 114.0, 200.0, 200.0, 200.0, 200.0, 183.0, 200.0, 200.0, 131.0]","[117, 200, 200, 183, 200, 197, 56, 154, 200, 200, 191, 136, 200, 200, 82, 200, 200, 185, 200, 200, 170, 200, 184, 200, 188, 176, 115, 142, 200, 140, 200, 200, 128, 117, 200, 200, 161, 200, 200, 166, 114, 200, 200, 200, 96, 98, 200, 200, 200, 136, 104, 200, 163, 200, 138, 147, 117, 168, 107, 130, 200, 200, 200, 135, 113, 200, 100, 99, 200, 200, 63, 200, 75, 200, 200, 200, 79, 200, 169, 110, 200, 200, 200, 187, 134, 154, 200, 200, 89, 200, 200, 114, 200, 200, 200, 200, 183, 200, 200, 131]",0.25722541255135173,0.09242577997615506,0.5858925163128351,55500,55500,1116,0,41.273333333333326,69.03333333333335,37.673,7.783,0.0,0.0,369.628,111,0.0,0.0,"[0.0, 0.0, 0.0, 0.0, 0.0]"
200.0,41.0,145.72,145.72,81,231,11500,False,67000,676,7,88bf67688fb149689b2a23830b782758,2020-05-10_08-44-17,1589080457,10.419137954711914,72.04588580131531,27291,skbly7.local,192.168.1.5,72.04588580131531,67000,7,1,00000,0,"[200.0, 200.0, 70.0, 200.0, 52.0, 200.0, 174.0, 53.0, 200.0, 157.0, 200.0, 88.0, 200.0, 104.0, 147.0, 164.0, 107.0, 180.0, 171.0, 195.0, 200.0, 200.0, 168.0, 200.0, 120.0, 142.0, 162.0, 200.0, 108.0, 190.0, 117.0, 86.0, 200.0, 160.0, 108.0, 200.0, 147.0, 125.0, 200.0, 97.0, 67.0, 174.0, 194.0, 73.0, 104.0, 153.0, 73.0, 200.0, 148.0, 102.0, 93.0, 200.0, 200.0, 194.0, 98.0, 200.0, 41.0, 114.0, 185.0, 197.0, 90.0, 83.0, 200.0, 138.0, 80.0, 73.0, 200.0, 127.0, 100.0, 52.0, 184.0, 200.0, 131.0, 66.0, 162.0, 139.0, 142.0, 98.0, 169.0, 88.0, 147.0, 107.0, 130.0, 200.0, 200.0, 200.0, 135.0, 113.0, 200.0, 100.0, 99.0, 200.0, 200.0, 63.0, 200.0, 75.0, 200.0, 200.0, 200.0, 79.0]","[200, 200, 70, 200, 52, 200, 174, 53, 200, 157, 200, 88, 200, 104, 147, 164, 107, 180, 171, 195, 200, 200, 168, 200, 120, 142, 162, 200, 108, 190, 117, 86, 200, 160, 108, 200, 147, 125, 200, 97, 67, 174, 194, 73, 104, 153, 73, 200, 148, 102, 93, 200, 200, 194, 98, 200, 41, 114, 185, 197, 90, 83, 200, 138, 80, 73, 200, 127, 100, 52, 184, 200, 131, 66, 162, 139, 142, 98, 169, 88, 147, 107, 130, 200, 200, 200, 135, 113, 200, 100, 99, 200, 200, 63, 200, 75, 200, 200, 200, 79]",0.21899725648628338,0.0912222214628298,0.6020831404934389,67000,67000,1348,0,43.628571428571426,69.49285714285715,77.611,7.488,0.0,0.0,441.756,134,0.0,0.0,"[0.0, 0.0, 0.0, 0.0, 0.0]"
200.0,17.0,99.60396039603961,99.60396039603961,101,199,10000,False,77000,777,8,88bf67688fb149689b2a23830b782758,2020-05-10_08-44-28,1589080468,10.102296113967896,82.1481819152832,27291,skbly7.local,192.168.1.5,82.1481819152832,77000,8,1,00000,0,"[97.0, 109.0, 87.0, 80.0, 173.0, 49.0, 76.0, 113.0, 61.0, 163.0, 156.0, 194.0, 105.0, 91.0, 145.0, 108.0, 125.0, 59.0, 67.0, 51.0, 89.0, 61.0, 45.0, 144.0, 151.0, 152.0, 129.0, 200.0, 37.0, 37.0, 93.0, 106.0, 59.0, 127.0, 17.0, 67.0, 128.0, 67.0, 182.0, 200.0, 57.0, 85.0, 67.0, 182.0, 97.0, 96.0, 109.0, 68.0, 182.0, 58.0, 55.0, 121.0, 101.0, 164.0, 84.0, 118.0, 22.0, 78.0, 66.0, 28.0, 61.0, 45.0, 45.0, 66.0, 121.0, 38.0, 45.0, 127.0, 74.0, 83.0, 90.0, 57.0, 200.0, 66.0, 70.0, 24.0, 200.0, 86.0, 79.0, 97.0, 99.0, 139.0, 138.0, 200.0, 69.0, 127.0, 200.0, 81.0, 64.0, 200.0, 79.0, 74.0, 58.0, 113.0, 97.0, 116.0, 152.0, 58.0, 97.0, 20.0, 167.0]","[97, 109, 87, 80, 173, 49, 76, 113, 61, 163, 156, 194, 105, 91, 145, 108, 125, 59, 67, 51, 89, 61, 45, 144, 151, 152, 129, 200, 37, 37, 93, 106, 59, 127, 17, 67, 128, 67, 182, 200, 57, 85, 67, 182, 97, 96, 109, 68, 182, 58, 55, 121, 101, 164, 84, 118, 22, 78, 66, 28, 61, 45, 45, 66, 121, 38, 45, 127, 74, 83, 90, 57, 200, 66, 70, 24, 200, 86, 79, 97, 99, 139, 138, 200, 69, 127, 200, 81, 64, 200, 79, 74, 58, 113, 97, 116, 152, 58, 97, 20, 167]",0.21080583085171015,0.09651309350150901,0.6086005159944762,77000,77000,1548,0,45.306666666666665,69.39333333333333,38.678,7.496,0.0,0.0,572.607,154,0.0,0.0,"[0.0, 0.0, 0.0, 0.0, 0.0]"
200.0,11.0,82.09649122807018,82.09649122807018,114,187,9500,False,86500,891,9,88bf67688fb149689b2a23830b782758,2020-05-10_08-44-38,1589080478,10.147388935089111,92.29557085037231,27291,skbly7.local,192.168.1.5,92.29557085037231,86500,9,1,00000,0,"[16.0, 59.0, 68.0, 103.0, 79.0, 198.0, 36.0, 137.0, 59.0, 52.0, 169.0, 90.0, 190.0, 85.0, 67.0, 24.0, 37.0, 173.0, 80.0, 89.0, 84.0, 76.0, 65.0, 59.0, 65.0, 30.0, 83.0, 108.0, 80.0, 98.0, 78.0, 25.0, 78.0, 17.0, 49.0, 57.0, 48.0, 91.0, 28.0, 87.0, 111.0, 98.0, 90.0, 88.0, 20.0, 11.0, 57.0, 141.0, 133.0, 132.0, 74.0, 157.0, 43.0, 200.0, 74.0, 80.0, 70.0, 68.0, 123.0, 59.0, 94.0, 136.0, 76.0, 101.0, 48.0, 124.0, 156.0, 103.0, 71.0, 97.0, 45.0, 62.0, 83.0, 73.0, 200.0, 21.0, 42.0, 62.0, 153.0, 79.0, 113.0, 57.0, 51.0, 61.0, 64.0, 77.0, 75.0, 52.0, 196.0, 66.0, 73.0, 43.0, 135.0, 127.0, 46.0, 25.0, 60.0, 41.0, 154.0, 65.0, 76.0, 200.0, 110.0, 18.0, 83.0, 55.0, 42.0, 23.0, 109.0, 65.0, 17.0, 98.0, 86.0, 24.0]","[16, 59, 68, 103, 79, 198, 36, 137, 59, 52, 169, 90, 190, 85, 67, 24, 37, 173, 80, 89, 84, 76, 65, 59, 65, 30, 83, 108, 80, 98, 78, 25, 78, 17, 49, 57, 48, 91, 28, 87, 111, 98, 90, 88, 20, 11, 57, 141, 133, 132, 74, 157, 43, 200, 74, 80, 70, 68, 123, 59, 94, 136, 76, 101, 48, 124, 156, 103, 71, 97, 45, 62, 83, 73, 200, 21, 42, 62, 153, 79, 113, 57, 51, 61, 64, 77, 75, 52, 196, 66, 73, 43, 135, 127, 46, 25, 60, 41, 154, 65, 76, 200, 110, 18, 83, 55, 42, 23, 109, 65, 17, 98, 86, 24]",0.19582225116390808,0.09762399225514495,0.6325104021479818,86500,86500,1736,0,52.47142857142857,70.51428571428572,77.406,9.017,0.0,0.0,518.656,173,0.0,0.0,"[0.0, 0.0, 0.0, 0.0, 0.0]"
200.0,12.0,75.40983606557377,75.40983606557377,122,183,9500,False,96000,1013,10,88bf67688fb149689b2a23830b782758,2020-05-10_08-44-48,1589080488,10.149863958358765,102.44543480873108,27291,skbly7.local,192.168.1.5,102.44543480873108,96000,10,1,00000,0,"[58.0, 63.0, 75.0, 86.0, 36.0, 197.0, 70.0, 71.0, 60.0, 19.0, 135.0, 24.0, 26.0, 109.0, 200.0, 117.0, 37.0, 26.0, 83.0, 56.0, 30.0, 160.0, 15.0, 61.0, 70.0, 40.0, 200.0, 82.0, 75.0, 60.0, 80.0, 76.0, 36.0, 36.0, 55.0, 22.0, 69.0, 50.0, 86.0, 71.0, 124.0, 14.0, 12.0, 23.0, 101.0, 82.0, 109.0, 43.0, 70.0, 57.0, 21.0, 62.0, 99.0, 41.0, 41.0, 16.0, 31.0, 64.0, 50.0, 83.0, 21.0, 88.0, 48.0, 63.0, 36.0, 86.0, 75.0, 62.0, 76.0, 90.0, 23.0, 71.0, 77.0, 46.0, 16.0, 40.0, 115.0, 12.0, 107.0, 59.0, 95.0, 112.0, 101.0, 181.0, 80.0, 51.0, 33.0, 65.0, 43.0, 122.0, 175.0, 94.0, 35.0, 134.0, 89.0, 109.0, 100.0, 79.0, 122.0, 109.0, 24.0, 173.0, 69.0, 116.0, 68.0, 108.0, 167.0, 40.0, 14.0, 200.0, 73.0, 197.0, 123.0, 89.0, 161.0, 41.0, 78.0, 42.0, 31.0, 91.0, 63.0, 27.0]","[58, 63, 75, 86, 36, 197, 70, 71, 60, 19, 135, 24, 26, 109, 200, 117, 37, 26, 83, 56, 30, 160, 15, 61, 70, 40, 200, 82, 75, 60, 80, 76, 36, 36, 55, 22, 69, 50, 86, 71, 124, 14, 12, 23, 101, 82, 109, 43, 70, 57, 21, 62, 99, 41, 41, 16, 31, 64, 50, 83, 21, 88, 48, 63, 36, 86, 75, 62, 76, 90, 23, 71, 77, 46, 16, 40, 115, 12, 107, 59, 95, 112, 101, 181, 80, 51, 33, 65, 43, 122, 175, 94, 35, 134, 89, 109, 100, 79, 122, 109, 24, 173, 69, 116, 68, 108, 167, 40, 14, 200, 73, 197, 123, 89, 161, 41, 78, 42, 31, 91, 63, 27]",0.20158877475798984,0.09967207770939492,0.6363714792342865,95500,96000,1920,0,46.42666666666667,72.5,57.484,8.1,0.0,0.0,629.412,192,0.0,0.0,"[0.0, 0.0, 0.0, 0.0, 0.0]"
200.0,12.0,65.19393939393939,65.19393939393939,165,214,10500,False,106500,1178,11,88bf67688fb149689b2a23830b782758,2020-05-10_08-44-58,1589080498,10.087477922439575,112.53291273117065,27291,skbly7.local,192.168.1.5,112.53291273117065,106500,11,1,00000,0,"[81.0, 52.0, 34.0, 105.0, 56.0, 71.0, 17.0, 48.0, 36.0, 29.0, 125.0, 29.0, 14.0, 20.0, 82.0, 27.0, 51.0, 33.0, 84.0, 99.0, 155.0, 97.0, 61.0, 49.0, 81.0, 37.0, 108.0, 33.0, 19.0, 42.0, 51.0, 96.0, 44.0, 26.0, 28.0, 149.0, 200.0, 82.0, 12.0, 72.0, 23.0, 23.0, 27.0, 79.0, 90.0, 88.0, 84.0, 21.0, 19.0, 22.0, 31.0, 39.0, 48.0, 107.0, 88.0, 93.0, 60.0, 33.0, 73.0, 76.0, 47.0, 83.0, 64.0, 29.0, 15.0, 12.0, 102.0, 34.0, 25.0, 36.0, 49.0, 131.0, 70.0, 106.0, 25.0, 102.0, 36.0, 60.0, 26.0, 66.0, 69.0, 49.0, 93.0, 40.0, 15.0, 77.0, 161.0, 81.0, 75.0, 44.0, 56.0, 58.0, 49.0, 50.0, 24.0, 115.0, 53.0, 110.0, 73.0, 108.0, 108.0, 68.0, 38.0, 40.0, 16.0, 19.0, 52.0, 75.0, 35.0, 15.0, 50.0, 149.0, 179.0, 15.0, 96.0, 23.0, 21.0, 155.0, 117.0, 32.0, 24.0, 29.0, 124.0, 28.0, 70.0, 16.0, 121.0, 31.0, 66.0, 140.0, 57.0, 75.0, 137.0, 88.0, 23.0, 32.0, 80.0, 38.0, 17.0, 62.0, 74.0, 39.0, 70.0, 129.0, 30.0, 33.0, 22.0, 46.0, 32.0, 117.0, 200.0, 97.0, 173.0, 136.0, 37.0, 140.0, 29.0, 86.0, 81.0, 51.0, 19.0, 102.0, 46.0, 66.0, 164.0]","[81, 52, 34, 105, 56, 71, 17, 48, 36, 29, 125, 29, 14, 20, 82, 27, 51, 33, 84, 99, 155, 97, 61, 49, 81, 37, 108, 33, 19, 42, 51, 96, 44, 26, 28, 149, 200, 82, 12, 72, 23, 23, 27, 79, 90, 88, 84, 21, 19, 22, 31, 39, 48, 107, 88, 93, 60, 33, 73, 76, 47, 83, 64, 29, 15, 12, 102, 34, 25, 36, 49, 131, 70, 106, 25, 102, 36, 60, 26, 66, 69, 49, 93, 40, 15, 77, 161, 81, 75, 44, 56, 58, 49, 50, 24, 115, 53, 110, 73, 108, 108, 68, 38, 40, 16, 19, 52, 75, 35, 15, 50, 149, 179, 15, 96, 23, 21, 155, 117, 32, 24, 29, 124, 28, 70, 16, 121, 31, 66, 140, 57, 75, 137, 88, 23, 32, 80, 38, 17, 62, 74, 39, 70, 129, 30, 33, 22, 46, 32, 117, 200, 97, 173, 136, 37, 140, 29, 86, 81, 51, 19, 102, 46, 66, 164]",0.18764613877415948,0.0990055089155266,0.6451059809775426,106500,106500,2135,0,49.199999999999996,72.99999999999999,39.787,7.26,0.0,0.0,409.77,213,0.0,0.0,"[0.0, 0.0, 0.0, 0.0, 0.0]"
200.0,11.0,70.65405405405406,70.65405405405406,185,260,13000,False,119500,1363,12,88bf67688fb149689b2a23830b782758,2020-05-10_08-45-08,1589080508,10.1076340675354,122.64054679870605,27291,skbly7.local,192.168.1.5,122.64054679870605,119500,12,1,00000,0,"[200.0, 40.0, 40.0, 16.0, 33.0, 32.0, 49.0, 25.0, 108.0, 71.0, 145.0, 74.0, 32.0, 51.0, 115.0, 47.0, 36.0, 141.0, 80.0, 142.0, 31.0, 25.0, 123.0, 178.0, 20.0, 14.0, 45.0, 36.0, 33.0, 14.0, 142.0, 78.0, 74.0, 58.0, 39.0, 76.0, 36.0, 175.0, 200.0, 33.0, 131.0, 80.0, 53.0, 27.0, 43.0, 44.0, 134.0, 26.0, 127.0, 147.0, 200.0, 141.0, 119.0, 89.0, 32.0, 200.0, 76.0, 34.0, 12.0, 79.0, 48.0, 25.0, 57.0, 24.0, 127.0, 70.0, 63.0, 180.0, 123.0, 80.0, 42.0, 33.0, 69.0, 158.0, 66.0, 115.0, 22.0, 58.0, 31.0, 94.0, 87.0, 47.0, 28.0, 69.0, 30.0, 107.0, 99.0, 23.0, 74.0, 46.0, 58.0, 30.0, 29.0, 34.0, 122.0, 57.0, 91.0, 81.0, 101.0, 36.0, 56.0, 34.0, 59.0, 42.0, 49.0, 53.0, 51.0, 88.0, 48.0, 64.0, 117.0, 130.0, 83.0, 84.0, 98.0, 36.0, 52.0, 40.0, 45.0, 58.0, 52.0, 13.0, 26.0, 127.0, 152.0, 74.0, 140.0, 32.0, 78.0, 41.0, 45.0, 95.0, 25.0, 143.0, 106.0, 120.0, 72.0, 56.0, 30.0, 63.0, 99.0, 63.0, 88.0, 49.0, 75.0, 38.0, 36.0, 11.0, 54.0, 121.0, 65.0, 145.0, 39.0, 41.0, 75.0, 95.0, 122.0, 88.0, 51.0, 54.0, 92.0, 13.0, 96.0, 90.0, 50.0, 31.0, 31.0, 31.0, 54.0, 77.0, 25.0, 42.0, 105.0, 113.0, 17.0, 70.0, 83.0, 37.0, 30.0, 29.0, 164.0, 52.0, 25.0, 21.0, 72.0]","[200, 40, 40, 16, 33, 32, 49, 25, 108, 71, 145, 74, 32, 51, 115, 47, 36, 141, 80, 142, 31, 25, 123, 178, 20, 14, 45, 36, 33, 14, 142, 78, 74, 58, 39, 76, 36, 175, 200, 33, 131, 80, 53, 27, 43, 44, 134, 26, 127, 147, 200, 141, 119, 89, 32, 200, 76, 34, 12, 79, 48, 25, 57, 24, 127, 70, 63, 180, 123, 80, 42, 33, 69, 158, 66, 115, 22, 58, 31, 94, 87, 47, 28, 69, 30, 107, 99, 23, 74, 46, 58, 30, 29, 34, 122, 57, 91, 81, 101, 36, 56, 34, 59, 42, 49, 53, 51, 88, 48, 64, 117, 130, 83, 84, 98, 36, 52, 40, 45, 58, 52, 13, 26, 127, 152, 74, 140, 32, 78, 41, 45, 95, 25, 143, 106, 120, 72, 56, 30, 63, 99, 63, 88, 49, 75, 38, 36, 11, 54, 121, 65, 145, 39, 41, 75, 95, 122, 88, 51, 54, 92, 13, 96, 90, 50, 31, 31, 31, 54, 77, 25, 42, 105, 113, 17, 70, 83, 37, 30, 29, 164, 52, 25, 21, 72]",0.17307003721910602,0.09693301138325593,0.6394558989426316,119500,119500,2396,0,36.99333333333333,71.34666666666666,37.716,7.737,0.0,0.0,374.369,239,0.0,0.0,"[0.0, 0.0, 0.0, 0.0, 0.0]"
200.0,13.0,70.32417582417582,70.32417582417582,182,256,13000,False,132500,1545,13,88bf67688fb149689b2a23830b782758,2020-05-10_08-45-18,1589080518,10.086197853088379,132.72674465179443,27291,skbly7.local,192.168.1.5,132.72674465179443,132500,13,1,00000,0,"[106.0, 200.0, 26.0, 91.0, 19.0, 55.0, 106.0, 13.0, 200.0, 138.0, 44.0, 40.0, 146.0, 20.0, 18.0, 64.0, 21.0, 135.0, 45.0, 20.0, 153.0, 53.0, 70.0, 80.0, 103.0, 75.0, 51.0, 33.0, 200.0, 37.0, 23.0, 109.0, 91.0, 135.0, 27.0, 124.0, 69.0, 17.0, 40.0, 108.0, 85.0, 85.0, 77.0, 127.0, 16.0, 46.0, 68.0, 51.0, 20.0, 173.0, 89.0, 26.0, 68.0, 34.0, 69.0, 24.0, 23.0, 63.0, 23.0, 89.0, 30.0, 64.0, 30.0, 53.0, 73.0, 32.0, 185.0, 175.0, 110.0, 83.0, 50.0, 79.0, 51.0, 191.0, 75.0, 99.0, 96.0, 31.0, 159.0, 31.0, 14.0, 65.0, 146.0, 21.0, 21.0, 177.0, 64.0, 73.0, 63.0, 146.0, 42.0, 22.0, 42.0, 56.0, 47.0, 23.0, 143.0, 73.0, 99.0, 95.0, 79.0, 70.0, 21.0, 58.0, 22.0, 26.0, 43.0, 38.0, 56.0, 181.0, 109.0, 24.0, 67.0, 14.0, 126.0, 59.0, 19.0, 66.0, 110.0, 83.0, 64.0, 131.0, 23.0, 119.0, 99.0, 174.0, 34.0, 136.0, 49.0, 147.0, 136.0, 150.0, 41.0, 27.0, 102.0, 61.0, 23.0, 46.0, 89.0, 39.0, 36.0, 27.0, 34.0, 67.0, 38.0, 23.0, 40.0, 30.0, 25.0, 22.0, 53.0, 78.0, 59.0, 20.0, 99.0, 21.0, 55.0, 104.0, 55.0, 100.0, 70.0, 35.0, 38.0, 58.0, 20.0, 55.0, 16.0, 30.0, 59.0, 29.0, 16.0, 21.0, 108.0, 22.0, 109.0, 29.0, 14.0, 167.0, 30.0, 115.0, 191.0, 130.0]","[106, 200, 26, 91, 19, 55, 106, 13, 200, 138, 44, 40, 146, 20, 18, 64, 21, 135, 45, 20, 153, 53, 70, 80, 103, 75, 51, 33, 200, 37, 23, 109, 91, 135, 27, 124, 69, 17, 40, 108, 85, 85, 77, 127, 16, 46, 68, 51, 20, 173, 89, 26, 68, 34, 69, 24, 23, 63, 23, 89, 30, 64, 30, 53, 73, 32, 185, 175, 110, 83, 50, 79, 51, 191, 75, 99, 96, 31, 159, 31, 14, 65, 146, 21, 21, 177, 64, 73, 63, 146, 42, 22, 42, 56, 47, 23, 143, 73, 99, 95, 79, 70, 21, 58, 22, 26, 43, 38, 56, 181, 109, 24, 67, 14, 126, 59, 19, 66, 110, 83, 64, 131, 23, 119, 99, 174, 34, 136, 49, 147, 136, 150, 41, 27, 102, 61, 23, 46, 89, 39, 36, 27, 34, 67, 38, 23, 40, 30, 25, 22, 53, 78, 59, 20, 99, 21, 55, 104, 55, 100, 70, 35, 38, 58, 20, 55, 16, 30, 59, 29, 16, 21, 108, 22, 109, 29, 14, 167, 30, 115, 191, 130]",0.16157606146587772,0.09534331338088495,0.635780476973155,132500,132500,2653,0,34.39285714285714,71.4357142857143,38.294,8.246,0.0,0.0,388.192,265,0.0,0.0,"[0.0, 0.0, 0.0, 0.0, 0.0]"
200.0,13.0,95.8,95.8,135,258,13000,False,145500,1680,14,88bf67688fb149689b2a23830b782758,2020-05-10_08-45-28,1589080528,10.116612195968628,142.84335684776306,27291,skbly7.local,192.168.1.5,142.84335684776306,145500,14,1,00000,0,"[151.0, 167.0, 111.0, 72.0, 160.0, 200.0, 51.0, 119.0, 34.0, 59.0, 106.0, 133.0, 23.0, 134.0, 24.0, 31.0, 31.0, 53.0, 14.0, 49.0, 26.0, 145.0, 17.0, 169.0, 74.0, 82.0, 106.0, 136.0, 83.0, 33.0, 34.0, 35.0, 26.0, 115.0, 21.0, 73.0, 34.0, 88.0, 185.0, 76.0, 68.0, 86.0, 66.0, 146.0, 30.0, 116.0, 53.0, 168.0, 81.0, 31.0, 34.0, 127.0, 39.0, 90.0, 177.0, 200.0, 191.0, 176.0, 74.0, 30.0, 48.0, 46.0, 122.0, 200.0, 104.0, 158.0, 200.0, 134.0, 200.0, 29.0, 200.0, 50.0, 143.0, 112.0, 157.0, 45.0, 33.0, 94.0, 53.0, 32.0, 26.0, 164.0, 133.0, 36.0, 148.0, 35.0, 200.0, 77.0, 49.0, 24.0, 156.0, 33.0, 55.0, 167.0, 144.0, 55.0, 68.0, 38.0, 194.0, 52.0, 39.0, 66.0, 16.0, 200.0, 149.0, 190.0, 200.0, 164.0, 13.0, 44.0, 111.0, 101.0, 55.0, 148.0, 84.0, 57.0, 86.0, 126.0, 200.0, 104.0, 142.0, 93.0, 178.0, 191.0, 102.0, 109.0, 64.0, 87.0, 93.0, 18.0, 54.0, 116.0, 41.0, 52.0, 163.0]","[151, 167, 111, 72, 160, 200, 51, 119, 34, 59, 106, 133, 23, 134, 24, 31, 31, 53, 14, 49, 26, 145, 17, 169, 74, 82, 106, 136, 83, 33, 34, 35, 26, 115, 21, 73, 34, 88, 185, 76, 68, 86, 66, 146, 30, 116, 53, 168, 81, 31, 34, 127, 39, 90, 177, 200, 191, 176, 74, 30, 48, 46, 122, 200, 104, 158, 200, 134, 200, 29, 200, 50, 143, 112, 157, 45, 33, 94, 53, 32, 26, 164, 133, 36, 148, 35, 200, 77, 49, 24, 156, 33, 55, 167, 144, 55, 68, 38, 194, 52, 39, 66, 16, 200, 149, 190, 200, 164, 13, 44, 111, 101, 55, 148, 84, 57, 86, 126, 200, 104, 142, 93, 178, 191, 102, 109, 64, 87, 93, 18, 54, 116, 41, 52, 163]",0.15205251286194613,0.09396312312074588,0.6325470916935299,145500,145500,2912,0,38.986666666666665,71.6,40.11,7.71,0.0,0.0,380.32,291,0.0,0.0,"[0.0, 0.0, 0.0, 0.0, 0.0]"
200.0,18.0,111.91452991452991,111.91452991452991,117,262,13000,False,158500,1797,15,88bf67688fb149689b2a23830b782758,2020-05-10_08-45-39,1589080539,10.113895177841187,152.95725202560425,27291,skbly7.local,192.168.1.5,152.95725202560425,158500,15,1,00000,0,"[146.0, 124.0, 18.0, 108.0, 136.0, 99.0, 21.0, 50.0, 200.0, 77.0, 176.0, 29.0, 112.0, 88.0, 136.0, 152.0, 48.0, 32.0, 76.0, 166.0, 72.0, 196.0, 200.0, 60.0, 134.0, 81.0, 100.0, 107.0, 33.0, 200.0, 119.0, 26.0, 122.0, 81.0, 24.0, 124.0, 39.0, 189.0, 152.0, 178.0, 144.0, 145.0, 161.0, 52.0, 192.0, 107.0, 134.0, 200.0, 200.0, 32.0, 119.0, 151.0, 109.0, 135.0, 141.0, 162.0, 108.0, 173.0, 24.0, 160.0, 101.0, 85.0, 110.0, 78.0, 127.0, 26.0, 75.0, 148.0, 62.0, 107.0, 137.0, 31.0, 148.0, 187.0, 146.0, 82.0, 141.0, 147.0, 124.0, 44.0, 82.0, 164.0, 152.0, 150.0, 63.0, 198.0, 147.0, 89.0, 135.0, 141.0, 160.0, 175.0, 50.0, 63.0, 34.0, 110.0, 75.0, 26.0, 200.0, 53.0, 159.0, 107.0, 74.0, 83.0, 190.0, 200.0, 127.0, 49.0, 20.0, 200.0, 200.0, 152.0, 67.0, 116.0, 45.0, 21.0, 31.0]","[146, 124, 18, 108, 136, 99, 21, 50, 200, 77, 176, 29, 112, 88, 136, 152, 48, 32, 76, 166, 72, 196, 200, 60, 134, 81, 100, 107, 33, 200, 119, 26, 122, 81, 24, 124, 39, 189, 152, 178, 144, 145, 161, 52, 192, 107, 134, 200, 200, 32, 119, 151, 109, 135, 141, 162, 108, 173, 24, 160, 101, 85, 110, 78, 127, 26, 75, 148, 62, 107, 137, 31, 148, 187, 146, 82, 141, 147, 124, 44, 82, 164, 152, 150, 63, 198, 147, 89, 135, 141, 160, 175, 50, 63, 34, 110, 75, 26, 200, 53, 159, 107, 74, 83, 190, 200, 127, 49, 20, 200, 200, 152, 67, 116, 45, 21, 31]",0.14385997646069623,0.09263791706026055,0.6290692558028983,158500,158500,3175,0,36.58571428571429,71.42142857142855,38.582,7.402,0.0,0.0,374.408,317,0.0,0.0,"[0.0, 0.0, 0.0, 0.0, 0.0]"
200.0,13.0,92.63829787234043,92.63829787234043,141,258,13000,False,171500,1938,16,88bf67688fb149689b2a23830b782758,2020-05-10_08-45-49,1589080549,10.082096815109253,163.0393488407135,27291,skbly7.local,192.168.1.5,163.0393488407135,171500,16,1,00000,0,"[167.0, 200.0, 164.0, 48.0, 178.0, 98.0, 175.0, 73.0, 31.0, 84.0, 189.0, 96.0, 131.0, 85.0, 47.0, 81.0, 140.0, 77.0, 106.0, 169.0, 37.0, 162.0, 133.0, 26.0, 49.0, 94.0, 18.0, 168.0, 116.0, 22.0, 28.0, 60.0, 24.0, 200.0, 107.0, 35.0, 45.0, 164.0, 76.0, 111.0, 155.0, 78.0, 126.0, 36.0, 128.0, 150.0, 120.0, 200.0, 31.0, 92.0, 29.0, 62.0, 85.0, 133.0, 86.0, 128.0, 141.0, 54.0, 39.0, 97.0, 184.0, 168.0, 153.0, 55.0, 150.0, 29.0, 24.0, 44.0, 18.0, 113.0, 60.0, 198.0, 26.0, 64.0, 158.0, 13.0, 22.0, 60.0, 61.0, 36.0, 130.0, 96.0, 129.0, 138.0, 167.0, 35.0, 174.0, 72.0, 185.0, 28.0, 190.0, 162.0, 200.0, 145.0, 200.0, 68.0, 165.0, 53.0, 162.0, 186.0, 200.0, 125.0, 75.0, 43.0, 134.0, 33.0, 168.0, 120.0, 139.0, 30.0, 23.0, 176.0, 46.0, 38.0, 28.0, 22.0, 15.0, 24.0, 32.0, 25.0, 32.0, 56.0, 141.0, 24.0, 42.0, 33.0, 121.0, 29.0, 18.0, 17.0, 64.0, 32.0, 31.0, 46.0, 159.0, 35.0, 121.0, 21.0, 33.0, 80.0, 126.0]","[167, 200, 164, 48, 178, 98, 175, 73, 31, 84, 189, 96, 131, 85, 47, 81, 140, 77, 106, 169, 37, 162, 133, 26, 49, 94, 18, 168, 116, 22, 28, 60, 24, 200, 107, 35, 45, 164, 76, 111, 155, 78, 126, 36, 128, 150, 120, 200, 31, 92, 29, 62, 85, 133, 86, 128, 141, 54, 39, 97, 184, 168, 153, 55, 150, 29, 24, 44, 18, 113, 60, 198, 26, 64, 158, 13, 22, 60, 61, 36, 130, 96, 129, 138, 167, 35, 174, 72, 185, 28, 190, 162, 200, 145, 200, 68, 165, 53, 162, 186, 200, 125, 75, 43, 134, 33, 168, 120, 139, 30, 23, 176, 46, 38, 28, 22, 15, 24, 32, 25, 32, 56, 141, 24, 42, 33, 121, 29, 18, 17, 64, 32, 31, 46, 159, 35, 121, 21, 33, 80, 126]",0.13705739755653967,0.09162255813847586,0.6267190900332071,171500,171500,3434,0,36.942857142857136,71.47857142857143,45.452,7.429,0.0,0.0,389.451,343,0.0,0.0,"[0.0, 0.0, 0.0, 0.0, 0.0]"
200.0,17.0,101.62,101.62,82,181,9000,False,180500,2020,17,88bf67688fb149689b2a23830b782758,2020-05-10_08-45-59,1589080559,10.101909875869751,173.14125871658325,27291,skbly7.local,192.168.1.5,173.14125871658325,180500,17,1,00000,0,"[127.0, 40.0, 23.0, 122.0, 76.0, 170.0, 97.0, 120.0, 25.0, 200.0, 30.0, 175.0, 200.0, 169.0, 200.0, 200.0, 138.0, 200.0, 33.0, 170.0, 173.0, 31.0, 73.0, 30.0, 127.0, 59.0, 141.0, 114.0, 134.0, 18.0, 32.0, 118.0, 149.0, 23.0, 151.0, 175.0, 24.0, 148.0, 46.0, 25.0, 21.0, 21.0, 18.0, 118.0, 33.0, 190.0, 142.0, 117.0, 49.0, 34.0, 104.0, 18.0, 153.0, 55.0, 123.0, 126.0, 32.0, 40.0, 67.0, 133.0, 116.0, 95.0, 168.0, 35.0, 200.0, 188.0, 103.0, 125.0, 200.0, 24.0, 182.0, 200.0, 160.0, 169.0, 153.0, 200.0, 39.0, 200.0, 134.0, 200.0, 169.0, 170.0, 24.0, 42.0, 33.0, 121.0, 29.0, 18.0, 17.0, 64.0, 32.0, 31.0, 46.0, 159.0, 35.0, 121.0, 21.0, 33.0, 80.0, 126.0]","[127, 40, 23, 122, 76, 170, 97, 120, 25, 200, 30, 175, 200, 169, 200, 200, 138, 200, 33, 170, 173, 31, 73, 30, 127, 59, 141, 114, 134, 18, 32, 118, 149, 23, 151, 175, 24, 148, 46, 25, 21, 21, 18, 118, 33, 190, 142, 117, 49, 34, 104, 18, 153, 55, 123, 126, 32, 40, 67, 133, 116, 95, 168, 35, 200, 188, 103, 125, 200, 24, 182, 200, 160, 169, 153, 200, 39, 200, 134, 200, 169, 170, 24, 42, 33, 121, 29, 18, 17, 64, 32, 31, 46, 159, 35, 121, 21, 33, 80, 126]",0.14397597502861323,0.0932883531608277,0.6265206812684088,180500,180500,3616,0,40.373333333333335,71.75333333333333,39.503,7.592,0.0,0.0,683.429,361,0.0,0.0,"[0.0, 0.0, 0.0, 0.0, 0.0]"
200.0,22.0,125.64077669902913,125.64077669902913,103,260,13000,False,193500,2123,18,88bf67688fb149689b2a23830b782758,2020-05-10_08-46-09,1589080569,10.077301025390625,183.21855974197388,27291,skbly7.local,192.168.1.5,183.21855974197388,193500,18,1,00000,0,"[51.0, 110.0, 123.0, 200.0, 200.0, 187.0, 150.0, 180.0, 155.0, 107.0, 118.0, 179.0, 50.0, 163.0, 29.0, 144.0, 195.0, 102.0, 154.0, 140.0, 175.0, 121.0, 197.0, 159.0, 87.0, 105.0, 27.0, 133.0, 39.0, 111.0, 167.0, 32.0, 130.0, 200.0, 183.0, 149.0, 22.0, 84.0, 128.0, 140.0, 140.0, 29.0, 32.0, 200.0, 194.0, 192.0, 161.0, 141.0, 111.0, 120.0, 114.0, 156.0, 134.0, 186.0, 200.0, 156.0, 159.0, 153.0, 131.0, 129.0, 39.0, 39.0, 25.0, 128.0, 140.0, 158.0, 178.0, 35.0, 200.0, 142.0, 40.0, 97.0, 124.0, 28.0, 35.0, 46.0, 124.0, 114.0, 172.0, 28.0, 59.0, 133.0, 200.0, 160.0, 93.0, 200.0, 200.0, 45.0, 200.0, 37.0, 164.0, 200.0, 117.0, 176.0, 128.0, 54.0, 135.0, 71.0, 110.0, 200.0, 61.0, 142.0, 200.0]","[51, 110, 123, 200, 200, 187, 150, 180, 155, 107, 118, 179, 50, 163, 29, 144, 195, 102, 154, 140, 175, 121, 197, 159, 87, 105, 27, 133, 39, 111, 167, 32, 130, 200, 183, 149, 22, 84, 128, 140, 140, 29, 32, 200, 194, 192, 161, 141, 111, 120, 114, 156, 134, 186, 200, 156, 159, 153, 131, 129, 39, 39, 25, 128, 140, 158, 178, 35, 200, 142, 40, 97, 124, 28, 35, 46, 124, 114, 172, 28, 59, 133, 200, 160, 93, 200, 200, 45, 200, 37, 164, 200, 117, 176, 128, 54, 135, 71, 110, 200, 61, 142, 200]",0.13929560523376816,0.09260385555995825,0.6242271609225474,193500,193500,3877,0,36.871428571428574,70.77142857142857,39.414,8.026,0.0,0.0,373.382,387,0.0,0.0,"[0.0, 0.0, 0.0, 0.0, 0.0]"
200.0,12.0,118.61261261261261,118.61261261261261,111,262,13500,False,207000,2234,19,88bf67688fb149689b2a23830b782758,2020-05-10_08-46-19,1589080579,10.085389614105225,193.3039493560791,27291,skbly7.local,192.168.1.5,193.3039493560791,207000,19,1,00000,0,"[183.0, 50.0, 101.0, 83.0, 122.0, 157.0, 12.0, 40.0, 140.0, 46.0, 113.0, 133.0, 56.0, 59.0, 200.0, 100.0, 113.0, 140.0, 20.0, 144.0, 35.0, 53.0, 35.0, 68.0, 35.0, 41.0, 132.0, 126.0, 44.0, 137.0, 174.0, 169.0, 55.0, 200.0, 153.0, 200.0, 200.0, 19.0, 107.0, 105.0, 175.0, 69.0, 97.0, 200.0, 143.0, 200.0, 25.0, 175.0, 200.0, 115.0, 58.0, 137.0, 155.0, 136.0, 53.0, 34.0, 32.0, 32.0, 200.0, 148.0, 25.0, 23.0, 34.0, 200.0, 186.0, 60.0, 24.0, 184.0, 170.0, 200.0, 176.0, 200.0, 137.0, 194.0, 50.0, 200.0, 200.0, 173.0, 200.0, 22.0, 138.0, 160.0, 157.0, 153.0, 19.0, 164.0, 199.0, 98.0, 38.0, 67.0, 49.0, 169.0, 127.0, 72.0, 152.0, 179.0, 200.0, 28.0, 200.0, 183.0, 179.0, 71.0, 132.0, 36.0, 62.0, 152.0, 117.0, 143.0, 180.0, 200.0, 200.0]","[183, 50, 101, 83, 122, 157, 12, 40, 140, 46, 113, 133, 56, 59, 200, 100, 113, 140, 20, 144, 35, 53, 35, 68, 35, 41, 132, 126, 44, 137, 174, 169, 55, 200, 153, 200, 200, 19, 107, 105, 175, 69, 97, 200, 143, 200, 25, 175, 200, 115, 58, 137, 155, 136, 53, 34, 32, 32, 200, 148, 25, 23, 34, 200, 186, 60, 24, 184, 170, 200, 176, 200, 137, 194, 50, 200, 200, 173, 200, 22, 138, 160, 157, 153, 19, 164, 199, 98, 38, 67, 49, 169, 127, 72, 152, 179, 200, 28, 200, 183, 179, 71, 132, 36, 62, 152, 117, 143, 180, 200, 200]",0.13382483967479863,0.09166393521048484,0.6220179086118288,206500,207000,4140,0,36.21333333333334,70.49333333333334,37.655,7.388,0.0,0.0,374.949,414,0.0,0.0,"[0.0, 0.0, 0.0, 0.0, 0.0]"
200.0,17.0,142.0,142.0,94,262,13000,False,220000,2328,20,88bf67688fb149689b2a23830b782758,2020-05-10_08-46-29,1589080589,10.101385116577148,203.40533447265625,27291,skbly7.local,192.168.1.5,203.40533447265625,220000,20,1,00000,0,"[194.0, 200.0, 138.0, 83.0, 179.0, 167.0, 121.0, 126.0, 200.0, 114.0, 89.0, 200.0, 200.0, 200.0, 94.0, 140.0, 22.0, 116.0, 167.0, 156.0, 150.0, 144.0, 147.0, 123.0, 127.0, 185.0, 96.0, 40.0, 200.0, 118.0, 41.0, 133.0, 200.0, 200.0, 112.0, 200.0, 37.0, 200.0, 163.0, 159.0, 190.0, 150.0, 200.0, 123.0, 50.0, 60.0, 158.0, 200.0, 165.0, 171.0, 17.0, 48.0, 200.0, 144.0, 21.0, 41.0, 200.0, 200.0, 200.0, 114.0, 163.0, 200.0, 200.0, 136.0, 158.0, 155.0, 200.0, 195.0, 196.0, 200.0, 35.0, 21.0, 69.0, 200.0, 200.0, 200.0, 169.0, 198.0, 200.0, 25.0, 95.0, 138.0, 143.0, 52.0, 136.0, 114.0, 84.0, 87.0, 32.0, 159.0, 150.0, 200.0, 200.0, 165.0, 152.0, 117.0, 143.0, 180.0, 200.0, 200.0]","[194, 200, 138, 83, 179, 167, 121, 126, 200, 114, 89, 200, 200, 200, 94, 140, 22, 116, 167, 156, 150, 144, 147, 123, 127, 185, 96, 40, 200, 118, 41, 133, 200, 200, 112, 200, 37, 200, 163, 159, 190, 150, 200, 123, 50, 60, 158, 200, 165, 171, 17, 48, 200, 144, 21, 41, 200, 200, 200, 114, 163, 200, 200, 136, 158, 155, 200, 195, 196, 200, 35, 21, 69, 200, 200, 200, 169, 198, 200, 25, 95, 138, 143, 52, 136, 114, 84, 87, 32, 159, 150, 200, 200, 165, 152, 117, 143, 180, 200, 200]",0.12931578872789362,0.09088368068763333,0.6202104415161469,220000,220000,4403,0,36.08571428571428,70.48571428571428,40.999,7.599,0.0,0.0,378.923,440,0.0,0.0,"[0.0, 0.0, 0.0, 0.0, 0.0]"
200.0,18.0,133.75,133.75,96,253,12500,True,232500,2424,21,88bf67688fb149689b2a23830b782758,2020-05-10_08-46-39,1589080599,10.12000584602356,213.5253403186798,27291,skbly7.local,192.168.1.5,213.5253403186798,232500,21,1,00000,0,"[200.0, 169.0, 127.0, 162.0, 108.0, 200.0, 103.0, 128.0, 155.0, 136.0, 166.0, 132.0, 153.0, 143.0, 85.0, 28.0, 153.0, 69.0, 142.0, 59.0, 200.0, 29.0, 131.0, 100.0, 141.0, 200.0, 120.0, 28.0, 134.0, 47.0, 118.0, 200.0, 177.0, 80.0, 200.0, 163.0, 41.0, 200.0, 200.0, 137.0, 184.0, 65.0, 115.0, 154.0, 106.0, 200.0, 90.0, 199.0, 200.0, 200.0, 157.0, 144.0, 159.0, 187.0, 154.0, 95.0, 49.0, 149.0, 183.0, 156.0, 42.0, 166.0, 164.0, 18.0, 22.0, 38.0, 29.0, 157.0, 153.0, 127.0, 188.0, 26.0, 180.0, 160.0, 155.0, 147.0, 148.0, 52.0, 152.0, 200.0, 40.0, 57.0, 51.0, 200.0, 63.0, 158.0, 144.0, 144.0, 200.0, 200.0, 172.0, 179.0, 200.0, 200.0, 42.0, 76.0, 150.0, 200.0, 200.0, 165.0]","[200, 169, 127, 162, 108, 200, 103, 128, 155, 136, 166, 132, 153, 143, 85, 28, 153, 69, 142, 59, 200, 29, 131, 100, 141, 200, 120, 28, 134, 47, 118, 200, 177, 80, 200, 163, 41, 200, 200, 137, 184, 65, 115, 154, 106, 200, 90, 199, 200, 200, 157, 144, 159, 187, 154, 95, 49, 149, 183, 156, 42, 166, 164, 18, 22, 38, 29, 157, 153, 127, 188, 26, 180, 160, 155, 147, 148, 52, 152, 200, 40, 57, 51, 200, 63, 158, 144, 144, 200, 200, 172, 179, 200, 200, 42, 76, 150, 200, 200, 165]",0.12511744760174026,0.09038079710867515,0.6193650804600559,232500,232500,4657,0,38.79333333333333,70.60666666666665,37.871,8.049,0.0,0.0,389.727,465,0.0,0.0,"[0.0, 0.0, 0.0, 0.0, 0.0]"
